"2017-11-10 17:19:22.787",0.5201416,0.28900146,0.7987671
"2017-11-10 17:19:22.840",0.5241699,0.29718018,0.7954712
"2017-11-10 17:19:22.842",0.52960205,0.29797363,0.7944336
"2017-11-10 17:19:22.845",0.52789307,0.29034424,0.7941284
"2017-11-10 17:19:22.846",0.5195923,0.2861328,0.8007202
"2017-11-10 17:19:22.884",0.5261841,0.29138184,0.7941284
"2017-11-10 17:19:22.888",0.52960205,0.291687,0.7930298
"2017-11-10 17:19:22.933",0.5250244,0.28845215,0.7975464
"2017-11-10 17:19:22.940",0.5198364,0.28723145,0.8001709
"2017-11-10 17:19:22.982",0.5187988,0.28863525,0.8000488
"2017-11-10 17:19:22.989",0.524292,0.29083252,0.7969971
"2017-11-10 17:19:22.990",0.5286255,0.29125977,0.7937012
"2017-11-10 17:19:23.031",0.5263672,0.29083252,0.7960205
"2017-11-10 17:19:23.034",0.5209961,0.2890625,0.79852295
"2017-11-10 17:19:23.078",0.51934814,0.2869873,0.7994995
"2017-11-10 17:19:23.082",0.5214844,0.28631592,0.7998047
"2017-11-10 17:19:23.129",0.5251465,0.28515625,0.79589844
"2017-11-10 17:19:23.133",0.5258179,0.2874756,0.79418945
"2017-11-10 17:19:23.137",0.5253906,0.28625488,0.7969971
"2017-11-10 17:19:23.178",0.52453613,0.28656006,0.7992554
"2017-11-10 17:19:23.185",0.5235596,0.28466797,0.7969971
"2017-11-10 17:19:23.229",0.52142334,0.28302002,0.7994385
"2017-11-10 17:19:23.235",0.5206909,0.28564453,0.7996826
"2017-11-10 17:19:23.238",0.5220337,0.28375244,0.79803467
"2017-11-10 17:19:23.278",0.5264282,0.27868652,0.79907227
"2017-11-10 17:19:23.281",0.5253906,0.2803955,0.7965088
"2017-11-10 17:19:23.323",0.52349854,0.28363037,0.7961426
"2017-11-10 17:19:23.325",0.5270386,0.28442383,0.7953491
"2017-11-10 17:19:23.327",0.53015137,0.28167725,0.7941284
"2017-11-10 17:19:23.371",0.5205078,0.28271484,0.80059814
"2017-11-10 17:19:23.380",0.5172119,0.28051758,0.8069458
"2017-11-10 17:19:23.420",0.52349854,0.28051758,0.8031006
"2017-11-10 17:19:23.426",0.5274658,0.2800293,0.7976074
"2017-11-10 17:19:23.427",0.5267334,0.27996826,0.7962036
"2017-11-10 17:19:23.471",0.52508545,0.27526855,0.79870605
"2017-11-10 17:19:23.472",0.52038574,0.27441406,0.8008423
"2017-11-10 17:19:23.519",0.5192871,0.27825928,0.8034668
"2017-11-10 17:19:23.523",0.52349854,0.2821045,0.8006592
"2017-11-10 17:19:23.532",0.5297241,0.27722168,0.7966919
"2017-11-10 17:19:23.567",0.52948,0.27734375,0.7958374
"2017-11-10 17:19:23.572",0.524292,0.27783203,0.80010986
"2017-11-10 17:19:23.617",0.5203247,0.28076172,0.8032837
"2017-11-10 17:19:23.620",0.5164795,0.28631592,0.8018799
"2017-11-10 17:19:23.623",0.522583,0.28448486,0.79974365
"2017-11-10 17:19:23.666",0.52490234,0.28460693,0.7984009
"2017-11-10 17:19:23.669",0.52215576,0.28790283,0.7958374
"2017-11-10 17:19:23.712",0.5210571,0.28741455,0.7982178
"2017-11-10 17:19:23.717",0.5195923,0.28063965,0.8024292
"2017-11-10 17:19:23.762",0.5159912,0.27746582,0.8052368
"2017-11-10 17:19:23.769",0.51849365,0.28063965,0.80566406
"2017-11-10 17:19:23.776",0.5202637,0.2831421,0.8026123
"2017-11-10 17:19:23.810",0.520813,0.27850342,0.7993164
"2017-11-10 17:19:23.812",0.5205078,0.2701416,0.8010254
"2017-11-10 17:19:23.861",0.51605225,0.26922607,0.80688477
"2017-11-10 17:19:23.864",0.51330566,0.2810669,0.80755615
"2017-11-10 17:19:23.865",0.5159302,0.28686523,0.80267334
"2017-11-10 17:19:23.907",0.5256958,0.27593994,0.7987671
"2017-11-10 17:19:23.909",0.5272827,0.269104,0.8026123
"2017-11-10 17:19:23.956",0.51397705,0.27471924,0.8062134
"2017-11-10 17:19:23.957",0.5083008,0.28460693,0.8070679
"2017-11-10 17:19:23.961",0.5206909,0.2869873,0.803772
"2017-11-10 17:19:24.006",0.52612305,0.28356934,0.79766846
"2017-11-10 17:19:24.010",0.52142334,0.27630615,0.80078125
"2017-11-10 17:19:24.053",0.513855,0.27581787,0.8079834
"2017-11-10 17:19:24.057",0.50897217,0.28118896,0.8070679
"2017-11-10 17:19:24.058",0.51745605,0.28704834,0.8016968
"2017-11-10 17:19:24.104",0.5235596,0.2868042,0.7967529
"2017-11-10 17:19:24.105",0.52038574,0.28405762,0.7994385
"2017-11-10 17:19:24.150",0.5136719,0.27996826,0.80529785
"2017-11-10 17:19:24.153",0.51293945,0.2798462,0.8045654
"2017-11-10 17:19:24.155",0.51519775,0.28063965,0.8031006
"2017-11-10 17:19:24.200",0.5175171,0.28295898,0.80114746
"2017-11-10 17:19:24.203",0.5166626,0.28411865,0.8045654
"2017-11-10 17:19:24.252",0.5155029,0.28253174,0.80511475
"2017-11-10 17:19:24.261",0.5135498,0.28033447,0.8029785
"2017-11-10 17:19:24.264",0.51586914,0.28277588,0.80444336
"2017-11-10 17:19:24.297",0.5170288,0.2855835,0.8023071
"2017-11-10 17:19:24.300",0.5158081,0.2849121,0.80358887
"2017-11-10 17:19:24.350",0.51049805,0.28082275,0.805542
"2017-11-10 17:19:24.353",0.51049805,0.27929688,0.807312
"2017-11-10 17:19:24.397",0.5119629,0.28222656,0.8074951
"2017-11-10 17:19:24.398",0.5130005,0.28375244,0.80303955
"2017-11-10 17:19:24.401",0.5145874,0.28100586,0.80303955
"2017-11-10 17:19:24.446",0.5137329,0.27886963,0.805603
"2017-11-10 17:19:24.448",0.51220703,0.28466797,0.8069458
"2017-11-10 17:19:24.492",0.50994873,0.2852173,0.80566406
"2017-11-10 17:19:24.498",0.5097046,0.28674316,0.8046875
"2017-11-10 17:19:24.501",0.5107422,0.28686523,0.8057251
"2017-11-10 17:19:24.543",0.51068115,0.28961182,0.8024292
"2017-11-10 17:19:24.546",0.50897217,0.28961182,0.8071289
"2017-11-10 17:19:24.590",0.5117798,0.28460693,0.8076172
"2017-11-10 17:19:24.591",0.5125122,0.2822876,0.80566406
"2017-11-10 17:19:24.595",0.50775146,0.28479004,0.80407715
"2017-11-10 17:19:24.640",0.506958,0.28631592,0.80548096
"2017-11-10 17:19:24.648",0.5081787,0.28497314,0.80859375
"2017-11-10 17:19:24.689",0.5076294,0.2850952,0.8100586
"2017-11-10 17:19:24.696",0.5048218,0.28497314,0.80444336
"2017-11-10 17:19:24.699",0.5067749,0.29296875,0.803772
"2017-11-10 17:19:24.737",0.5101929,0.30041504,0.8063965
"2017-11-10 17:19:24.742",0.51190186,0.29840088,0.80267334
"2017-11-10 17:19:24.785",0.510437,0.29144287,0.80352783
"2017-11-10 17:19:24.790",0.5076904,0.286438,0.8062134
"2017-11-10 17:19:24.795",0.501709,0.2871704,0.8093262
"2017-11-10 17:19:24.834",0.49884033,0.2888794,0.80908203
"2017-11-10 17:19:24.838",0.5007324,0.29693604,0.8060913
"2017-11-10 17:19:24.882",0.50457764,0.29992676,0.8086548
"2017-11-10 17:19:24.885",0.50671387,0.2994995,0.80615234
"2017-11-10 17:19:24.887",0.5073242,0.29748535,0.80340576
"2017-11-10 17:19:24.933",0.50512695,0.29919434,0.805542
"2017-11-10 17:19:24.934",0.49743652,0.30218506,0.80688477
"2017-11-10 17:19:24.982",0.49432373,0.2993164,0.80908203
"2017-11-10 17:19:24.984",0.49206543,0.29962158,0.8100586
"2017-11-10 17:19:24.986",0.48980713,0.30126953,0.815979
"2017-11-10 17:19:25.029",0.48669434,0.3022461,0.82055664
"2017-11-10 17:19:25.032",0.4819336,0.30316162,0.8192749
"2017-11-10 17:19:25.079",0.48046875,0.30316162,0.81365967
"2017-11-10 17:19:25.082",0.48291016,0.30200195,0.80737305
"2017-11-10 17:19:25.129",0.48669434,0.30529785,0.8079834
"2017-11-10 17:19:25.131",0.49127197,0.31854248,0.8050537
"2017-11-10 17:19:25.133",0.48590088,0.33154297,0.8018799
"2017-11-10 17:19:25.177",0.47924805,0.33428955,0.80444336
"2017-11-10 17:19:25.178",0.4796753,0.32928467,0.81347656
"2017-11-10 17:19:25.223",0.47747803,0.32995605,0.81243896
"2017-11-10 17:19:25.226",0.4677124,0.32958984,0.80682373
"2017-11-10 17:19:25.233",0.46551514,0.31536865,0.81591797
"2017-11-10 17:19:25.273",0.46936035,0.3083496,0.8189697
"2017-11-10 17:19:25.275",0.46697998,0.3209839,0.81744385
"2017-11-10 17:19:25.326",0.46484375,0.31939697,0.82421875
"2017-11-10 17:19:25.333",0.46923828,0.31066895,0.8196411
"2017-11-10 17:19:25.337",0.46832275,0.3121338,0.81469727
"2017-11-10 17:19:25.370",0.46929932,0.3145752,0.81140137
"2017-11-10 17:19:25.374",0.47625732,0.30725098,0.8112793
"2017-11-10 17:19:25.421",0.47265625,0.2998047,0.8161011
"2017-11-10 17:19:25.423",0.47094727,0.30212402,0.82336426
"2017-11-10 17:19:25.425",0.47784424,0.30963135,0.8256836
"2017-11-10 17:19:25.470",0.48083496,0.31402588,0.81921387
"2017-11-10 17:19:25.474",0.47296143,0.3098755,0.81829834
"2017-11-10 17:19:25.516",0.46954346,0.2980957,0.8204346
"2017-11-10 17:19:25.523",0.4699707,0.29760742,0.82214355
"2017-11-10 17:19:25.524",0.46594238,0.30871582,0.8227539
"2017-11-10 17:19:25.565",0.45770264,0.32403564,0.8241577
"2017-11-10 17:19:25.571",0.46777344,0.32385254,0.817749
"2017-11-10 17:19:25.613",0.48059082,0.31329346,0.8150635
"2017-11-10 17:19:25.616",0.472229,0.31384277,0.8187256
"2017-11-10 17:19:25.620",0.45898438,0.31744385,0.8204346
"2017-11-10 17:19:25.663",0.45788574,0.3170166,0.81988525
"2017-11-10 17:19:25.672",0.46917725,0.31329346,0.8161621
"2017-11-10 17:19:25.712",0.47485352,0.3173828,0.8163452
"2017-11-10 17:19:25.723",0.4691162,0.32061768,0.8156738
"2017-11-10 17:19:25.762",0.46795654,0.31341553,0.8171997
"2017-11-10 17:19:25.781",0.4645996,0.30944824,0.8204956
"2017-11-10 17:19:25.783",0.45941162,0.31243896,0.8236084
"2017-11-10 17:19:25.809",0.4616089,0.3140869,0.82244873
"2017-11-10 17:19:25.811",0.46411133,0.30889893,0.82110596
"2017-11-10 17:19:25.858",0.46594238,0.3048706,0.8233032
"2017-11-10 17:19:25.860",0.46594238,0.3048706,0.8230591
"2017-11-10 17:19:25.861",0.46600342,0.31079102,0.82128906
"2017-11-10 17:19:25.905",0.46484375,0.31274414,0.8208008
"2017-11-10 17:19:25.910",0.46765137,0.30963135,0.8251343
"2017-11-10 17:19:25.955",0.46453857,0.30737305,0.8275757
"2017-11-10 17:19:25.961",0.4564209,0.3081665,0.8280029
"2017-11-10 17:19:25.962",0.46044922,0.30993652,0.8216553
"2017-11-10 17:19:26.004",0.46331787,0.30993652,0.82006836
"2017-11-10 17:19:26.005",0.46380615,0.30578613,0.82159424
"2017-11-10 17:19:26.051",0.46600342,0.3012085,0.82128906
"2017-11-10 17:19:26.053",0.46313477,0.3065796,0.8251953
"2017-11-10 17:19:26.055",0.46051025,0.3104248,0.8283081
"2017-11-10 17:19:26.111",0.46136475,0.3093872,0.82647705
"2017-11-10 17:19:26.117",0.46398926,0.3071289,0.8223877
"2017-11-10 17:19:26.151",0.46600342,0.30633545,0.8209839
"2017-11-10 17:19:26.153",0.463562,0.3031006,0.82562256
"2017-11-10 17:19:26.154",0.46099854,0.307312,0.8279419
"2017-11-10 17:19:26.200",0.46240234,0.30895996,0.82562256
"2017-11-10 17:19:26.203",0.46533203,0.3031006,0.82385254
"2017-11-10 17:19:26.263",0.46783447,0.30151367,0.82232666
"2017-11-10 17:19:26.264",0.4650879,0.30462646,0.82025146
"2017-11-10 17:19:26.267",0.46496582,0.30340576,0.8226929
"2017-11-10 17:19:26.296",0.46868896,0.29785156,0.8248291
"2017-11-10 17:19:26.300",0.46972656,0.2929077,0.82244873
"2017-11-10 17:19:26.349",0.4691162,0.29638672,0.82611084
"2017-11-10 17:19:26.393",0.47351074,0.3034668,0.82543945
"2017-11-10 17:19:26.395",0.4720459,0.30297852,0.8206787
"2017-11-10 17:19:26.399",0.47131348,0.2909546,0.81988525
"2017-11-10 17:19:26.400",0.47357178,0.28326416,0.82147217
"2017-11-10 17:19:26.442",0.4716797,0.29193115,0.826355
"2017-11-10 17:19:26.444",0.4701538,0.29516602,0.8291626
"2017-11-10 17:19:26.493",0.47131348,0.29138184,0.8260498
"2017-11-10 17:19:26.494",0.47338867,0.28668213,0.8237915
"2017-11-10 17:19:26.498",0.4751587,0.27685547,0.82440186
"2017-11-10 17:19:26.542",0.4751587,0.27227783,0.82562256
"2017-11-10 17:19:26.545",0.4736328,0.2709961,0.82598877
"2017-11-10 17:19:26.589",0.4776001,0.26739502,0.8242798
"2017-11-10 17:19:26.595",0.48425293,0.26513672,0.8216553
"2017-11-10 17:19:26.596",0.4827881,0.26794434,0.82073975
"2017-11-10 17:19:26.637",0.47857666,0.2617798,0.8222656
"2017-11-10 17:19:26.638",0.4729004,0.2508545,0.82525635
"2017-11-10 17:19:26.685",0.45635986,0.22851563,0.83270264
"2017-11-10 17:19:26.686",0.43103027,0.19403076,0.8562622
"2017-11-10 17:19:26.737",0.41516113,0.17767334,0.8690796
"2017-11-10 17:19:26.738",0.41101074,0.18890381,0.8555908
"2017-11-10 17:19:26.750",0.3774414,0.16308594,0.87091064
"2017-11-10 17:19:26.784",0.3708496,0.15130615,0.8762207
"2017-11-10 17:19:26.786",0.40844727,0.19445801,0.8659668
"2017-11-10 17:19:26.787",0.4227295,0.22686768,0.9187012
"2017-11-10 17:19:26.834",0.42523193,0.234375,1.020935
"2017-11-10 17:19:26.836",0.5975952,0.20819092,0.9317627
"2017-11-10 17:19:26.881",0.66864014,-0.49542236,1.1222534
"2017-11-10 17:19:26.884",0.54766846,-0.3529663,1.22406
"2017-11-10 17:19:26.891",0.46142578,0.42333984,0.91674805
"2017-11-10 17:19:26.929",0.50354004,0.3657837,0.729126
"2017-11-10 17:19:26.931",0.51171875,0.32043457,0.8082886
"2017-11-10 17:19:26.979",0.5619507,0.28912354,0.807312
"2017-11-10 17:19:26.983",0.62854004,0.14489746,0.8240967
"2017-11-10 17:19:27.029",0.6187134,0.096069336,0.8279419
"2017-11-10 17:19:27.033",0.55010986,0.13568115,0.7550659
"2017-11-10 17:19:27.035",0.5286255,0.2019043,0.69781494
"2017-11-10 17:19:27.077",0.49188232,0.19018555,0.6930542
"2017-11-10 17:19:27.083",0.4680786,0.14935303,0.73791504
"2017-11-10 17:19:27.127",0.4515381,0.15362549,0.73791504
"2017-11-10 17:19:27.129",0.4239502,0.13116455,0.78338623
"2017-11-10 17:19:27.134",0.43688965,0.089904785,0.8079834
"2017-11-10 17:19:27.175",0.48065186,0.07537842,0.7952881
"2017-11-10 17:19:27.186",0.5253296,0.044006348,0.7579956
"2017-11-10 17:19:27.222",0.55200195,-0.027648926,0.7560425
"2017-11-10 17:19:27.277",0.5593872,-0.07116699,0.7494507
"2017-11-10 17:19:27.278",0.5826416,-0.1538086,0.8199463
"2017-11-10 17:19:27.284",0.6177368,-0.23913574,0.8720093
"2017-11-10 17:19:27.295",0.61206055,-0.2210083,0.83514404
"2017-11-10 17:19:27.322",0.6079712,-0.1951294,0.8265381
"2017-11-10 17:19:27.325",0.63153076,-0.19787598,0.78808594
"2017-11-10 17:19:27.328",0.6277466,-0.18835449,0.76483154
"2017-11-10 17:19:27.368",0.61224365,-0.16333008,0.74645996
"2017-11-10 17:19:27.375",0.58807373,-0.11016846,0.7451782
"2017-11-10 17:19:27.418",0.5680542,-0.057678223,0.7437134
"2017-11-10 17:19:27.423",0.55755615,-0.033813477,0.7283325
"2017-11-10 17:19:27.424",0.5498047,-0.01776123,0.7246704
"2017-11-10 17:19:27.465",0.5186157,0.032226563,0.7069092
"2017-11-10 17:19:27.467",0.5696411,0.04876709,0.7573242
"2017-11-10 17:19:27.515",0.604187,0.079711914,0.8328247
"2017-11-10 17:19:27.516",0.84277344,0.17779541,1.1679688
"2017-11-10 17:19:27.518",0.88964844,-0.097961426,1.2079468
"2017-11-10 17:19:27.566",1.0320435,-0.27160645,0.9847412
"2017-11-10 17:19:27.570",1.2356567,-0.19726563,0.7557373
"2017-11-10 17:19:27.614",1.1430664,-0.12402344,0.40344238
"2017-11-10 17:19:27.620",0.7886963,0.20758057,0.23052979
"2017-11-10 17:19:27.661",0.052978516,0.50567627,0.8288574
"2017-11-10 17:19:27.667",0.4282837,0.36010742,0.7456665
"2017-11-10 17:19:27.669",0.9963379,0.08770752,0.52770996
"2017-11-10 17:19:27.710",1.1020508,-0.11340332,0.6272583
"2017-11-10 17:19:27.713",0.85235596,-0.021484375,0.73687744
"2017-11-10 17:19:27.758",0.64868164,0.097473145,0.67614746
"2017-11-10 17:19:27.764",0.7277832,0.11694336,0.50860596
"2017-11-10 17:19:27.770",0.758728,0.11621094,0.48724365
"2017-11-10 17:19:27.809",0.6990967,0.13214111,0.5817871
"2017-11-10 17:19:27.858",0.7171631,0.056152344,0.67285156
"2017-11-10 17:19:27.862",0.7908325,0.05822754,0.67626953
"2017-11-10 17:19:27.866",0.77124023,0.20477295,0.6401367
"2017-11-10 17:19:27.867",0.821167,0.20013428,0.58428955
"2017-11-10 17:19:27.904",0.850647,0.1439209,0.53253174
"2017-11-10 17:19:27.907",0.7977295,0.16278076,0.5387573
"2017-11-10 17:19:27.958",0.71362305,0.16583252,0.5970459
"2017-11-10 17:19:27.959",0.66619873,0.14782715,0.664917
"2017-11-10 17:19:27.962",0.6519165,0.13067627,0.69885254
"2017-11-10 17:19:28.002",0.66900635,0.124572754,0.6864624
"2017-11-10 17:19:28.011",0.7232666,0.10369873,0.64312744
"2017-11-10 17:19:28.052",0.77783203,0.036254883,0.6053467
"2017-11-10 17:19:28.060",0.8201294,0.026916504,0.5523071
"2017-11-10 17:19:28.062",0.8208618,0.06329346,0.5341797
"2017-11-10 17:19:28.101",0.7508545,0.07757568,0.58306885
"2017-11-10 17:19:28.107",0.71899414,0.14562988,0.58483887
"2017-11-10 17:19:28.150",0.71417236,0.22106934,0.6044922
"2017-11-10 17:19:28.152",0.7435913,0.20953369,0.63427734
"2017-11-10 17:19:28.154",0.76342773,0.20275879,0.65844727
"2017-11-10 17:19:28.198",0.75219727,0.21325684,0.6859131
"2017-11-10 17:19:28.200",0.7630005,0.25115967,0.6968994
"2017-11-10 17:19:28.245",0.8170166,0.26556396,0.6713257
"2017-11-10 17:19:28.249",0.8911133,0.23858643,0.6529541
"2017-11-10 17:19:28.295",0.90875244,0.23059082,0.68341064
"2017-11-10 17:19:28.307",0.8746338,0.17382813,0.748291
"2017-11-10 17:19:28.309",0.9234009,0.11645508,0.8902588
"2017-11-10 17:19:28.343",1.0059204,0.08288574,0.977417
"2017-11-10 17:19:28.345",0.97369385,0.064331055,0.93688965
"2017-11-10 17:19:28.394",0.79003906,0.06121826,0.8946533
"2017-11-10 17:19:28.397",0.5911865,-0.04095459,0.92089844
"2017-11-10 17:19:28.402",0.49395752,-0.05279541,0.8297119
"2017-11-10 17:19:28.442",0.49316406,0.11206055,0.80511475
"2017-11-10 17:19:28.446",0.6168213,0.099731445,0.65374756
"2017-11-10 17:19:28.492",0.4482422,-0.13989258,0.93188477
"2017-11-10 17:19:28.495",0.5107422,-0.24084473,1.0285645
"2017-11-10 17:19:28.496",0.9541626,0.3602295,0.5595093
"2017-11-10 17:19:28.541",0.8239746,0.18835449,0.87298584
"2017-11-10 17:19:28.545",0.8900757,0.2833252,1.0020142
"2017-11-10 17:19:28.589",0.90649414,0.27520752,0.8897705
"2017-11-10 17:19:28.593",0.802124,0.21923828,0.79852295
"2017-11-10 17:19:28.600",0.7168579,0.37835693,0.65808105
"2017-11-10 17:19:28.636",0.73461914,0.36730957,0.61938477
"2017-11-10 17:19:28.641",0.6555786,0.32891846,0.5839844
"2017-11-10 17:19:28.687",0.5449219,0.39733887,0.536438
"2017-11-10 17:19:28.698",0.52996826,0.34094238,0.49267578
"2017-11-10 17:19:28.704",0.4807129,0.24993896,0.5234375
"2017-11-10 17:19:28.734",0.46148682,0.16687012,0.5456543
"2017-11-10 17:19:28.735",0.46569824,0.06286621,0.5605469
"2017-11-10 17:19:28.782",0.52575684,-0.028259277,0.63793945
"2017-11-10 17:19:28.786",0.5942993,-0.02960205,0.59887695
"2017-11-10 17:19:28.788",0.6269531,0.004272461,0.54901123
"2017-11-10 17:19:28.832",0.7038574,-0.036254883,0.4555664
"2017-11-10 17:19:28.849",0.88427734,-0.09863281,0.3527832
"2017-11-10 17:19:28.879",0.9246826,-0.16699219,0.41912842
"2017-11-10 17:19:28.882",0.8812256,-0.28045654,0.7128296
"2017-11-10 17:19:28.930",0.9205322,-0.59625244,0.85980225
"2017-11-10 17:19:28.939",1.3890991,-0.6392212,0.65515137
"2017-11-10 17:19:28.941",1.0830078,-0.52630615,0.3932495
"2017-11-10 17:19:28.979",0.95410156,-0.23205566,0.25268555
"2017-11-10 17:19:28.981",0.93865967,-0.13482666,0.2888794
"2017-11-10 17:19:29.026",1.0782471,-0.08746338,0.42004395
"2017-11-10 17:19:29.028",1.3737183,-0.015014648,0.5830078
"2017-11-10 17:19:29.031",1.3937378,-0.28430176,0.5267334
"2017-11-10 17:19:29.076",1.3479614,-0.33740234,-0.60961914
"2017-11-10 17:19:29.084",0.6208496,0.35479736,0.02508545
"2017-11-10 17:19:29.124",0.6378784,0.37524414,1.4026489
"2017-11-10 17:19:29.131",1.0462646,0.07525635,-0.17578125
"2017-11-10 17:19:29.132",1.1802368,-0.028015137,-0.40667725
"2017-11-10 17:19:29.173",1.111206,-0.14685059,0.24078369
"2017-11-10 17:19:29.174",1.0083618,-0.07763672,0.32562256
"2017-11-10 17:19:29.222",0.9707031,0.015563965,0.2142334
"2017-11-10 17:19:29.249",0.90167236,-0.1204834,0.2831421
"2017-11-10 17:19:29.252",0.8647461,-0.23388672,0.28894043
"2017-11-10 17:19:29.269",0.9133301,-0.23712158,0.24456787
"2017-11-10 17:19:29.277",1.0004272,-0.30267334,0.21887207
"2017-11-10 17:19:29.318",1.0636597,-0.35076904,0.085510254
"2017-11-10 17:19:29.325",1.0166016,-0.5045166,0.04675293
"2017-11-10 17:19:29.326",0.9352417,-0.56103516,0.19506836
"2017-11-10 17:19:29.367",0.8666992,-0.33392334,0.27514648
"2017-11-10 17:19:29.371",0.84155273,-0.38128662,0.1828003
"2017-11-10 17:19:29.417",0.83465576,-0.45056152,0.08972168
"2017-11-10 17:19:29.419",0.8411865,-0.41326904,0.097839355
"2017-11-10 17:19:29.423",0.8887329,-0.38513184,0.103759766
"2017-11-10 17:19:29.465",0.9116821,-0.41027832,0.044433594
"2017-11-10 17:19:29.474",0.9031372,-0.37384033,0.1048584
"2017-11-10 17:19:29.514",0.89068604,-0.3100586,0.17773438
"2017-11-10 17:19:29.524",0.9057007,-0.2364502,0.16174316
"2017-11-10 17:19:29.564",0.9710083,-0.17407227,0.09887695
"2017-11-10 17:19:29.570",1.0588989,-0.14849854,0.15808105
"2017-11-10 17:19:29.572",1.0761108,-0.1373291,0.27319336
"2017-11-10 17:19:29.612",1.0905762,-0.16644287,0.34655762
"2017-11-10 17:19:29.616",1.1070557,-0.30377197,0.33721924
"2017-11-10 17:19:29.661",1.1412964,-0.31158447,0.18792725
"2017-11-10 17:19:29.666",1.0841064,-0.43945313,0.23406982
"2017-11-10 17:19:29.673",0.99279785,-0.6378174,0.3963623
"2017-11-10 17:19:29.708",1.0268555,-0.7553711,0.47375488
"2017-11-10 17:19:29.726",1.0960083,-0.8305054,0.5371704
"2017-11-10 17:19:29.757",0.95703125,-0.8892822,0.44030762
"2017-11-10 17:19:29.761",0.7388916,-0.77783203,0.33538818
"2017-11-10 17:19:29.762",0.8294678,-0.43103027,0.49920654
"2017-11-10 17:19:29.807",0.86187744,-0.32336426,0.607605
"2017-11-10 17:19:29.810",0.9192505,-0.27996826,0.4487915
"2017-11-10 17:19:29.855",1.0402832,-0.27856445,0.29919434
"2017-11-10 17:19:29.857",1.1965942,-0.35284424,0.16394043
"2017-11-10 17:19:29.862",1.4121704,-0.38305664,-0.014099121
"2017-11-10 17:19:29.906",1.5342407,-0.45367432,0.004333496
"2017-11-10 17:19:29.910",0.38909912,-0.58935547,0.8220215
"2017-11-10 17:19:29.953",1.083252,-0.9095459,0.954834
"2017-11-10 17:19:29.959",1.1173096,-0.09765625,0.33654785
"2017-11-10 17:19:29.961",1.1115112,0.20581055,0.17767334
"2017-11-10 17:19:30.003",0.7842407,-0.26428223,0.029968262
"2017-11-10 17:19:30.004",0.779541,-0.17730713,0.2617798
"2017-11-10 17:19:30.051",0.7397461,0.018371582,0.27612305
"2017-11-10 17:19:30.052",0.7032471,-0.10333252,0.19415283
"2017-11-10 17:19:30.055",0.682251,-0.2477417,0.18170166
"2017-11-10 17:19:30.099",0.6812134,-0.3274536,0.23486328
"2017-11-10 17:19:30.105",0.67974854,-0.3883667,0.30108643
"2017-11-10 17:19:30.148",0.6670532,-0.36175537,0.2649536
"2017-11-10 17:19:30.153",0.6845703,-0.33935547,0.12896729
"2017-11-10 17:19:30.199",0.7156372,-0.3623047,0.023376465
"2017-11-10 17:19:30.205",0.73413086,-0.4564209,0.059387207
"2017-11-10 17:19:30.207",0.74450684,-0.6051636,0.15026855
"2017-11-10 17:19:30.244",0.7293701,-0.9909668,0.2614746
"2017-11-10 17:19:30.245",0.80285645,-1.591919,0.2565918
"2017-11-10 17:19:30.295",0.8162842,-1.814148,-0.056030273
"2017-11-10 17:19:30.298",0.71343994,-1.244751,0.022277832
"2017-11-10 17:19:30.302",0.715271,-0.69628906,-0.0947876
"2017-11-10 17:19:30.342",0.9980469,-0.5430908,0.0703125
"2017-11-10 17:19:30.346",1.4059448,-0.82025146,0.41271973
"2017-11-10 17:19:30.391",1.1507568,-1.257019,0.28302002
"2017-11-10 17:19:30.399",1.0366211,-0.9657593,-0.87768555
"2017-11-10 17:19:30.403",1.1952515,0.25579834,0.0037841797
"2017-11-10 17:19:30.440",0.47766113,0.7104492,1.4506226
"2017-11-10 17:19:30.442",0.93499756,0.033935547,-0.29504395
"2017-11-10 17:19:30.491",1.1089478,-0.5390625,-0.6008301
"2017-11-10 17:19:30.493",1.229065,-0.6395874,-0.081848145
"2017-11-10 17:19:30.496",1.0131226,-0.4798584,0.22839355
"2017-11-10 17:19:30.540",0.8834839,-0.4668579,0.116882324
"2017-11-10 17:19:30.543",0.8720093,-0.49597168,0.0048217773
"2017-11-10 17:19:30.587",0.80633545,-0.5114746,-0.0052490234
"2017-11-10 17:19:30.591",0.7838135,-0.5668335,-0.030273438
"2017-11-10 17:19:30.592",0.8029175,-0.63531494,-0.115234375
"2017-11-10 17:19:30.635",0.84265137,-0.6212158,-0.09820557
"2017-11-10 17:19:30.640",0.9301758,-0.5194092,0.015808105
"2017-11-10 17:19:30.687",0.8707886,-0.44122314,0.24664307
"2017-11-10 17:19:30.692",0.79351807,-0.4819336,0.17010498
"2017-11-10 17:19:30.700",0.81536865,-0.5376587,-0.1159668
"2017-11-10 17:19:30.731",0.7686157,-0.55462646,-0.26037598
"2017-11-10 17:19:30.734",0.8417969,-0.5352783,-0.03375244
"2017-11-10 17:19:30.783",0.90026855,-0.5078125,0.10479736
"2017-11-10 17:19:30.792",0.8293457,-0.66571045,0.055603027
"2017-11-10 17:19:30.830",0.79748535,-0.6763916,-0.02166748
"2017-11-10 17:19:30.836",0.8215332,-0.5671387,0.0010375977
"2017-11-10 17:19:30.837",0.8513794,-0.48498535,0.06213379
"2017-11-10 17:19:30.878",0.8652344,-0.46014404,0.005493164
"2017-11-10 17:19:30.881",0.8840332,-0.44885254,-0.027709961
"2017-11-10 17:19:30.927",0.85375977,-0.4804077,0.01184082
"2017-11-10 17:19:30.929",0.88513184,-0.47283936,0.028503418
"2017-11-10 17:19:30.934",1.0125732,-0.3965454,0.039978027
"2017-11-10 17:19:30.976",1.1000366,-0.3657837,0.123535156
"2017-11-10 17:19:30.982",1.0646973,-0.48846436,0.21966553
"2017-11-10 17:19:31.027",1.0114746,-0.645874,0.1661377
"2017-11-10 17:19:31.034",1.1937866,-0.7414551,0.043029785
"2017-11-10 17:19:31.036",1.1929321,-0.96661377,0.117126465
"2017-11-10 17:19:31.075",0.8635864,-1.118103,0.23327637
"2017-11-10 17:19:31.081",0.68811035,-1.0454102,0.22766113
"2017-11-10 17:19:31.123",0.65252686,-0.8069458,0.17767334
"2017-11-10 17:19:31.128",0.8095093,-0.5899658,0.34069824
"2017-11-10 17:19:31.134",0.9033203,-0.45959473,0.4220581
"2017-11-10 17:19:31.173",0.8413696,-0.4189453,0.20697021
"2017-11-10 17:19:31.180",0.81256104,-0.60302734,0.032409668
"2017-11-10 17:19:31.221",0.97442627,-0.7046509,-0.06225586
"2017-11-10 17:19:31.224",1.2247314,-0.621521,-0.11553955
"2017-11-10 17:19:31.226",1.4108276,-0.60839844,-0.07293701
"2017-11-10 17:19:31.271",0.5164795,-0.98095703,1.0690918
"2017-11-10 17:19:31.275",1.1443481,-0.58026123,0.36663818
"2017-11-10 17:19:31.321",1.178772,0.004638672,-0.024108887
"2017-11-10 17:19:31.323",0.7714844,-0.43841553,-0.003112793
"2017-11-10 17:19:31.326",0.8977661,-0.28186035,0.10668945
"2017-11-10 17:19:31.366",0.8688965,-0.21588135,0.11071777
"2017-11-10 17:19:31.373",0.7753296,-0.20471191,0.09649658
"2017-11-10 17:19:31.415",0.67071533,-0.27581787,0.093811035
"2017-11-10 17:19:31.421",0.6199951,-0.2798462,0.09429932
"2017-11-10 17:19:31.464",0.55596924,-0.3916626,0.18127441
"2017-11-10 17:19:31.469",0.52337646,-0.5126953,0.25543213
"2017-11-10 17:19:31.471",0.526001,-0.54455566,0.2522583
"2017-11-10 17:19:31.514",0.552063,-0.5628052,0.07373047
"2017-11-10 17:19:31.517",0.63079834,-0.6411743,-0.14056396
"2017-11-10 17:19:31.563",0.57922363,-0.8421631,-0.16296387
"2017-11-10 17:19:31.565",0.60369873,-1.0913086,-0.16668701
"2017-11-10 17:19:31.567",0.65515137,-1.3544312,0.042236328
"2017-11-10 17:19:31.611",0.6750488,-1.3179932,0.026916504
"2017-11-10 17:19:31.621",0.68652344,-1.0459595,-0.037109375
"2017-11-10 17:19:31.660",0.66064453,-0.84124756,-0.032592773
"2017-11-10 17:19:31.667",0.68969727,-0.77282715,0.12261963
"2017-11-10 17:19:31.673",0.95806885,-0.9476929,0.1303711
"2017-11-10 17:19:31.707",1.2982178,-1.2939453,0.3805542
"2017-11-10 17:19:31.709",1.00531,-1.4560547,-0.3998413
"2017-11-10 17:19:31.756",0.8864136,-0.84375,-1.0180664
"2017-11-10 17:19:31.760",1.0819092,0.24853516,0.49243164
"2017-11-10 17:19:31.764",0.35351563,0.31262207,1.2814331
"2017-11-10 17:19:31.805",0.90734863,-0.16052246,-0.6951294
"2017-11-10 17:19:31.812",0.9621582,-0.532959,-0.5675659
"2017-11-10 17:19:31.855",1.0527954,-0.7588501,-0.10687256
"2017-11-10 17:19:31.858",0.99401855,-0.62683105,0.040161133
"2017-11-10 17:19:31.863",0.87390137,-0.44787598,0.00579834
"2017-11-10 17:19:31.901",0.8590088,-0.44696045,-0.04949951
"2017-11-10 17:19:31.903",0.7723999,-0.5938721,-0.07147217
"2017-11-10 17:19:31.954",0.7371826,-0.6935425,-0.023803711
"2017-11-10 17:19:31.956",0.7614136,-0.7416992,-0.03363037
"2017-11-10 17:19:31.961",0.79919434,-0.7357788,-0.10571289
"2017-11-10 17:19:32.000",0.89501953,-0.5352783,-0.06964111
"2017-11-10 17:19:32.007",0.85772705,-0.49420166,-0.06896973
"2017-11-10 17:19:32.050",0.76226807,-0.63586426,-0.17340088
"2017-11-10 17:19:32.061",0.70306396,-0.58428955,-0.17407227
"2017-11-10 17:19:32.067",0.6921997,-0.6256714,-0.086364746
"2017-11-10 17:19:32.101",0.7216797,-0.6680298,0.009155273
"2017-11-10 17:19:32.103",0.7424927,-0.61273193,0.0024414063
"2017-11-10 17:19:32.148",0.7636719,-0.5628052,-0.13500977
"2017-11-10 17:19:32.150",0.795166,-0.5656738,-0.18341064
"2017-11-10 17:19:32.197",0.83135986,-0.50512695,-0.15142822
"2017-11-10 17:19:32.210",0.9138794,-0.49456787,-0.17810059
"2017-11-10 17:19:32.213",0.93969727,-0.5633545,-0.18206787
"2017-11-10 17:19:32.243",0.93640137,-0.58306885,-0.17785645
"2017-11-10 17:19:32.248",0.9590454,-0.61157227,-0.1394043
"2017-11-10 17:19:32.293",0.961792,-0.60009766,0.0053100586
"2017-11-10 17:19:32.299",0.9654541,-0.5994873,0.14801025
"2017-11-10 17:19:32.301",0.914978,-0.79541016,0.1675415
"2017-11-10 17:19:32.340",0.8314209,-0.98553467,0.061035156
"2017-11-10 17:19:32.342",0.8722534,-1.091919,0.035339355
"2017-11-10 17:19:32.391",0.8932495,-1.1086426,0.25830078
"2017-11-10 17:19:32.396",0.71813965,-0.9373169,0.34069824
"2017-11-10 17:19:32.398",0.64404297,-0.8546753,0.17248535
"2017-11-10 17:19:32.439",0.7050781,-0.8411255,0.14941406
"2017-11-10 17:19:32.445",0.79248047,-0.6810913,0.19989014
"2017-11-10 17:19:32.489",0.8649292,-0.6286011,0.15185547
"2017-11-10 17:19:32.493",0.97406006,-0.6654053,0.17272949
"2017-11-10 17:19:32.495",1.1488647,-0.6239624,0.11004639
"2017-11-10 17:19:32.537",1.3876953,-0.54937744,-0.02178955
"2017-11-10 17:19:32.540",1.2092896,-0.5988159,0.06213379
"2017-11-10 17:19:32.587",0.50860596,-1.0725708,0.868103
"2017-11-10 17:19:32.589",1.0756836,-0.5509033,-0.097595215
"2017-11-10 17:19:32.594",0.81207275,-0.5529785,0.05328369
"2017-11-10 17:19:32.634",0.8577881,-0.4755249,0.07434082
"2017-11-10 17:19:32.643",0.82232666,-0.30822754,0.1383667
"2017-11-10 17:19:32.685",0.7094116,-0.2850952,0.10070801
"2017-11-10 17:19:32.714",0.6598511,-0.3076172,0.13848877
"2017-11-10 17:19:32.716",0.5807495,-0.3902588,0.08312988
"2017-11-10 17:19:32.736",0.50250244,-0.46606445,0.09173584
"2017-11-10 17:19:32.737",0.49328613,-0.59106445,0.19232178
"2017-11-10 17:19:32.779",0.5085449,-0.65600586,0.20532227
"2017-11-10 17:19:32.782",0.5250244,-0.63500977,0.203125
"2017-11-10 17:19:32.830",0.5696411,-0.6131592,-0.08502197
"2017-11-10 17:19:32.832",0.5286865,-0.7626343,-0.13372803
"2017-11-10 17:19:32.835",0.39245605,-0.97540283,-0.117614746
"2017-11-10 17:19:32.876",0.50219727,-1.1313477,-0.03186035
"2017-11-10 17:19:32.883",0.5571289,-1.2692261,0.06774902
"2017-11-10 17:19:32.928",0.49749756,-1.2427368,-0.0029907227
"2017-11-10 17:19:32.933",0.47027588,-1.0994873,0.026550293
"2017-11-10 17:19:32.934",0.51190186,-0.94073486,-0.03552246
"2017-11-10 17:19:32.976",0.55804443,-0.86260986,-0.04119873
"2017-11-10 17:19:32.978",0.82232666,-1.0008545,4.272461E-4
"2017-11-10 17:19:33.026",1.0289917,-1.5084229,0.3973999
"2017-11-10 17:19:33.028",0.66711426,-1.684021,-0.18115234
"2017-11-10 17:19:33.032",0.75805664,-1.0059814,-1.3583984
"2017-11-10 17:19:33.074",1.3046875,-0.03692627,0.11834717
"2017-11-10 17:19:33.077",0.5095215,0.38372803,1.5187378
"2017-11-10 17:19:33.123",0.8153076,-0.12634277,-0.1809082
"2017-11-10 17:19:33.126",0.9871216,-0.6095581,-0.6711426
"2017-11-10 17:19:33.130",1.0845947,-0.75994873,-0.11395264
"2017-11-10 17:19:33.171",0.91064453,-0.7040405,0.17480469
"2017-11-10 17:19:33.190",0.79785156,-0.65979004,0.022583008
"2017-11-10 17:19:33.218",0.7595825,-0.6400757,-0.1519165
"2017-11-10 17:19:33.220",0.75079346,-0.5471802,-0.093322754
"2017-11-10 17:19:33.227",0.71136475,-0.5621338,-0.08282471
"2017-11-10 17:19:33.267",0.7632446,-0.6685791,-0.12384033
"2017-11-10 17:19:33.273",0.7999878,-0.81744385,-0.08911133
"2017-11-10 17:19:33.316",0.79455566,-0.81744385,-0.034240723
"2017-11-10 17:19:33.322",0.8269043,-0.63409424,0.10723877
"2017-11-10 17:19:33.324",0.6999512,-0.6829834,-0.038757324
"2017-11-10 17:19:33.364",0.6590576,-0.668396,-0.45410156
"2017-11-10 17:19:33.366",0.7695923,-0.5549927,-0.5048828
"2017-11-10 17:19:33.415",0.75738525,-0.61206055,-0.25860596
"2017-11-10 17:19:33.421",0.7202759,-0.67840576,-0.06842041
"2017-11-10 17:19:33.465",0.6557617,-0.77575684,-0.06378174
"2017-11-10 17:19:33.466",0.69085693,-0.73431396,-0.10784912
"2017-11-10 17:19:33.469",0.8022461,-0.61779785,-0.08886719
"2017-11-10 17:19:33.512",0.76293945,-0.6083374,-0.07757568
"2017-11-10 17:19:33.518",0.7519531,-0.6329956,-0.121032715
"2017-11-10 17:19:33.562",0.78582764,-0.64508057,-0.12017822
"2017-11-10 17:19:33.573",0.77319336,-0.6828613,-0.07635498
"2017-11-10 17:19:33.579",0.76672363,-0.67193604,-0.06561279
"2017-11-10 17:19:33.611",0.85876465,-0.6134033,-0.051513672
"2017-11-10 17:19:33.613",0.9657593,-0.56555176,0.037353516
"2017-11-10 17:19:33.659",0.9472046,-0.58081055,0.1217041
"2017-11-10 17:19:33.663",0.8546753,-0.767395,0.11608887
"2017-11-10 17:19:33.666",0.8502197,-0.8222656,-0.018981934
"2017-11-10 17:19:33.706",0.8245239,-0.9818115,-0.06573486
"2017-11-10 17:19:33.709",0.83691406,-1.2122803,0.089538574
"2017-11-10 17:19:33.754",0.7192383,-1.2303467,0.033325195
"2017-11-10 17:19:33.761",0.68395996,-1.0164795,-0.04333496
"2017-11-10 17:19:33.763",0.7493286,-0.7352295,0.25549316
"2017-11-10 17:19:33.803",0.8520508,-0.57476807,0.38739014
"2017-11-10 17:19:33.806",0.7878418,-0.51068115,0.2532959
"2017-11-10 17:19:33.854",0.7862549,-0.6052246,-0.023986816
"2017-11-10 17:19:33.856",0.9891968,-0.7122803,-0.25933838
"2017-11-10 17:19:33.858",1.1271362,-0.6571655,-0.3154297
"2017-11-10 17:19:33.901",1.1313477,-0.7202759,-0.2774048
"2017-11-10 17:19:33.907",1.0109253,-0.8377075,-0.05810547
"2017-11-10 17:19:33.950",-0.10357666,-1.3757324,1.2271118
"2017-11-10 17:19:33.952",1.0585327,-0.55822754,-0.23638916
"2017-11-10 17:19:33.953",0.87323,-0.2401123,-0.3945923
"2017-11-10 17:19:34.000",0.5288086,-0.7238159,0.15765381
"2017-11-10 17:19:34.001",0.70318604,-0.50982666,-0.012512207
"2017-11-10 17:19:34.050",0.6636963,-0.44421387,-0.027832031
"2017-11-10 17:19:34.051",0.6553955,-0.48101807,-0.01159668
"2017-11-10 17:19:34.097",0.5900879,-0.60443115,-0.02709961
"2017-11-10 17:19:34.103",0.49847412,-0.7506714,0.019958496
"2017-11-10 17:19:34.106",0.47998047,-0.82214355,0.07208252
"2017-11-10 17:19:34.146",0.4970703,-0.8339844,0.11065674
"2017-11-10 17:19:34.158",0.5070801,-0.7998657,0.06536865
"2017-11-10 17:19:34.193",0.50164795,-0.80126953,-0.11022949
"2017-11-10 17:19:34.199",0.5345459,-0.8406372,-0.17059326
"2017-11-10 17:19:34.200",0.5333252,-0.8867798,-0.1850586
"2017-11-10 17:19:34.242",0.47125244,-0.93951416,-0.2000122
"2017-11-10 17:19:34.246",0.41308594,-0.99243164,-0.12414551
"2017-11-10 17:19:34.291",0.38623047,-1.064148,-0.11828613
"2017-11-10 17:19:34.294",0.38165283,-1.1195679,-0.1194458
"2017-11-10 17:19:34.299",0.36566162,-1.1273193,-0.095458984
"2017-11-10 17:19:34.339",0.3890381,-1.1019287,-0.14923096
"2017-11-10 17:19:34.347",0.43774414,-1.0164795,-0.22686768
"2017-11-10 17:19:34.390",0.5065918,-0.88983154,-0.25360107
"2017-11-10 17:19:34.395",0.56066895,-0.77349854,-0.21759033
"2017-11-10 17:19:34.396",0.60198975,-0.6850586,-0.1862793
"2017-11-10 17:19:34.438",0.62371826,-0.6524658,-0.12109375
"2017-11-10 17:19:34.441",0.6138916,-0.69018555,-0.08746338
"2017-11-10 17:19:34.486",0.60668945,-0.7315674,-0.059326172
"2017-11-10 17:19:34.488",0.61431885,-0.7352295,-0.080200195
"2017-11-10 17:19:34.537",0.803772,-0.80926514,-0.099853516
"2017-11-10 17:19:34.539",1.1793823,-1.4451904,0.40704346
"2017-11-10 17:19:34.543",0.28375244,-1.7705078,-0.03656006
"2017-11-10 17:19:34.587",0.24407959,-1.0875854,-0.5961304
"2017-11-10 17:19:34.590",0.5776367,-0.73553467,0.12561035
"2017-11-10 17:19:34.593",0.59313965,-0.5201416,0.71099854
"2017-11-10 17:19:34.634",0.72680664,-0.38049316,0.3741455
"2017-11-10 17:19:34.637",0.7843628,-0.49389648,-0.39440918
"2017-11-10 17:19:34.681",0.7017822,-0.8964844,-0.5100708
"2017-11-10 17:19:34.683",0.56622314,-1.1136475,-0.38128662
"2017-11-10 17:19:34.731",0.41729736,-0.9003296,-0.42852783
"2017-11-10 17:19:34.732",0.4484253,-0.7503052,-0.34002686
"2017-11-10 17:19:34.734",0.6157837,-0.6826172,-0.11895752
"2017-11-10 17:19:34.783",0.45300293,-0.80804443,-0.10784912
"2017-11-10 17:19:34.792",0.35229492,-0.9713745,-0.19561768
"2017-11-10 17:19:34.827",0.43701172,-0.90753174,-0.30456543
"2017-11-10 17:19:34.837",0.5791626,-0.7659912,-0.43041992
"2017-11-10 17:19:34.841",0.7334595,-0.69818115,-0.4720459
"2017-11-10 17:19:34.878",0.69610596,-0.7427368,-0.37683105
"2017-11-10 17:19:34.881",0.6235962,-0.7720947,-0.27819824
"2017-11-10 17:19:34.925",0.5675659,-0.77545166,-0.24487305
"2017-11-10 17:19:34.927",0.5404053,-0.8007202,-0.27282715
"2017-11-10 17:19:34.931",0.5539551,-0.8139038,-0.32366943
"2017-11-10 17:19:35.021",0.5551758,-0.8092041,-0.34094238
"2017-11-10 17:19:35.025",0.5671387,-0.8071289,-0.35107422
"2017-11-10 17:19:35.027",0.61291504,-0.79119873,-0.3587036
"2017-11-10 17:19:35.030",0.65008545,-0.77697754,-0.35375977
"2017-11-10 17:19:35.031",0.67089844,-0.78082275,-0.36035156
"2017-11-10 17:19:35.071",0.6732788,-0.78497314,-0.3768921
"2017-11-10 17:19:35.072",0.66064453,-0.7772827,-0.39593506
"2017-11-10 17:19:35.121",0.63568115,-0.77246094,-0.428833
"2017-11-10 17:19:35.127",0.6341553,-0.7772217,-0.4545288
"2017-11-10 17:19:35.134",0.69073486,-0.76293945,-0.44940186
"2017-11-10 17:19:35.168",0.72753906,-0.74212646,-0.41479492
"2017-11-10 17:19:35.173",0.71099854,-0.7411499,-0.3723755
"2017-11-10 17:19:35.217",0.68847656,-0.75738525,-0.3204956
"2017-11-10 17:19:35.223",0.6680908,-0.7692261,-0.28546143
"2017-11-10 17:19:35.226",0.663147,-0.76953125,-0.28448486
"2017-11-10 17:19:35.267",0.6670532,-0.75439453,-0.3173828
"2017-11-10 17:19:35.272",0.6616821,-0.7493286,-0.35699463
"2017-11-10 17:19:35.315",0.6604004,-0.7438965,-0.37652588
"2017-11-10 17:19:35.321",0.66278076,-0.7429199,-0.38513184
"2017-11-10 17:19:35.365",0.6694336,-0.7518921,-0.39385986
"2017-11-10 17:19:35.370",0.67907715,-0.7414551,-0.39257813
"2017-11-10 17:19:35.373",0.6921997,-0.71691895,-0.3758545
"2017-11-10 17:19:35.412",0.6848755,-0.6859741,-0.36505127
"2017-11-10 17:19:35.418",0.7008667,-0.6799927,-0.37054443
"2017-11-10 17:19:35.463",0.75305176,-0.6559448,-0.4083252
"2017-11-10 17:19:35.466",0.7767334,-0.564209,-0.4414673
"2017-11-10 17:19:35.467",0.7701416,-0.5515137,-0.43927002
"2017-11-10 17:19:35.510",0.8154907,-0.68096924,-0.37402344
"2017-11-10 17:19:35.512",0.8518677,-0.8689575,-0.30151367
"2017-11-10 17:19:35.560",0.81170654,-0.92474365,-0.21887207
"2017-11-10 17:19:35.566",0.7145996,-0.7828369,-0.14715576
"2017-11-10 17:19:35.572",0.64727783,-0.7388916,-0.12084961
"2017-11-10 17:19:35.609",0.6062622,-0.8052368,-0.15759277
"2017-11-10 17:19:35.616",0.5762329,-0.81292725,-0.27093506
"2017-11-10 17:19:35.660",0.6054077,-0.7819214,-0.39019775
"2017-11-10 17:19:35.679",0.68395996,-0.7584839,-0.3411255
"2017-11-10 17:19:35.682",0.72662354,-0.7514038,-0.22338867
"2017-11-10 17:19:35.704",0.7234497,-0.7545166,-0.20306396
"2017-11-10 17:19:35.709",0.69158936,-0.76226807,-0.21228027
"2017-11-10 17:19:35.754",0.6702881,-0.7579346,-0.23040771
"2017-11-10 17:19:35.756",0.6682129,-0.75567627,-0.26013184
"2017-11-10 17:19:35.764",0.65722656,-0.76068115,-0.2543335
"2017-11-10 17:19:35.802",0.62890625,-0.78082275,-0.24310303
"2017-11-10 17:19:35.805",0.6195679,-0.7937622,-0.23895264
"2017-11-10 17:19:35.851",0.61535645,-0.7952881,-0.22644043
"2017-11-10 17:19:35.860",0.60528564,-0.80578613,-0.2185669
"2017-11-10 17:19:35.861",0.60595703,-0.79937744,-0.230896
"2017-11-10 17:19:35.902",0.62023926,-0.76586914,-0.24267578
"2017-11-10 17:19:35.904",0.631897,-0.7597656,-0.24359131
"2017-11-10 17:19:35.949",0.638916,-0.7839966,-0.22241211
"2017-11-10 17:19:35.952",0.6449585,-0.7826538,-0.18231201
"2017-11-10 17:19:36.046",0.6555176,-0.772522,-0.14758301
"2017-11-10 17:19:36.049",0.67626953,-0.7496948,-0.1338501
"2017-11-10 17:19:36.054",0.6950073,-0.7178345,-0.1348877
"2017-11-10 17:19:36.055",0.6641846,-0.74053955,-0.15948486
"2017-11-10 17:19:36.058",0.60180664,-0.78967285,-0.17468262
"2017-11-10 17:19:36.060",0.5421753,-0.8374634,-0.15460205
"2017-11-10 17:19:36.100",0.50512695,-0.86120605,-0.12310791
"2017-11-10 17:19:36.103",0.49279785,-0.8721924,-0.09899902
"2017-11-10 17:19:36.147",0.5018921,-0.88946533,-0.0748291
"2017-11-10 17:19:36.150",0.55944824,-0.9277954,-0.03265381
"2017-11-10 17:19:36.193",0.6555786,-0.9725342,0.037353516
"2017-11-10 17:19:36.195",0.7114868,-0.9795532,0.06463623
"2017-11-10 17:19:36.199",0.661438,-0.942749,0.13671875
"2017-11-10 17:19:36.243",0.4607544,-1.0223389,0.10571289
"2017-11-10 17:19:36.290",0.46166992,-0.9924927,-0.1675415
"2017-11-10 17:19:36.294",0.5554199,-0.98309326,-0.2531128
"2017-11-10 17:19:36.300",0.67333984,-0.9178467,-0.08453369
"2017-11-10 17:19:36.302",0.69525146,-0.84033203,-0.043884277
"2017-11-10 17:19:36.339",0.5775757,-0.8491211,-0.16009521
"2017-11-10 17:19:36.340",0.5147095,-0.86346436,-0.17468262
"2017-11-10 17:19:36.389",0.5335083,-0.7796631,-0.2043457
"2017-11-10 17:19:36.391",0.54296875,-0.8220215,-0.1638794
"2017-11-10 17:19:36.394",0.54296875,-0.77960205,-0.16015625
"2017-11-10 17:19:36.439",0.59088135,-0.7671509,-0.09649658
"2017-11-10 17:19:36.448",0.5802002,-0.7828369,-0.0524292
"2017-11-10 17:19:36.487",0.5566406,-0.78674316,-0.030334473
"2017-11-10 17:19:36.496",0.55566406,-0.81726074,-0.029663086
"2017-11-10 17:19:36.499",0.56170654,-0.8338623,-9.765625E-4
"2017-11-10 17:19:36.536",0.55358887,-0.8326416,0.015686035
"2017-11-10 17:19:36.540",0.5419922,-0.8428345,-0.018127441
"2017-11-10 17:19:36.583",0.5114136,-0.8656616,-0.109375
"2017-11-10 17:19:36.584",0.51220703,-0.89489746,-0.046081543
"2017-11-10 17:19:36.632",0.5654907,-0.87683105,0.07849121
"2017-11-10 17:19:36.635",0.5935669,-1.081543,0.038513184
"2017-11-10 17:19:36.643",0.31866455,-1.2627563,-0.18469238
"2017-11-10 17:19:36.680",0.41131592,-0.82958984,-0.27142334
"2017-11-10 17:19:36.683",0.5211792,-0.7421875,0.07348633
"2017-11-10 17:19:36.729",0.48394775,-0.9069214,-0.029968262
"2017-11-10 17:19:36.733",0.5189209,-0.87609863,-0.20843506
"2017-11-10 17:19:36.735",0.5004883,-0.9109497,-0.07647705
"2017-11-10 17:19:36.777",0.53375244,-0.8964844,-0.1060791
"2017-11-10 17:19:36.781",0.58483887,-0.8436279,-0.22442627
"2017-11-10 17:19:36.827",0.52056885,-0.8740845,-0.23919678
"2017-11-10 17:19:36.834",0.44000244,-0.89953613,-0.20233154
"2017-11-10 17:19:36.837",0.45257568,-0.8915405,-0.1685791
"2017-11-10 17:19:36.876",0.51416016,-0.8873291,-0.12231445
"2017-11-10 17:19:36.882",0.5592041,-0.87438965,-0.107543945
"2017-11-10 17:19:36.925",0.6044922,-0.8463745,-0.14227295
"2017-11-10 17:19:36.932",0.62908936,-0.8378296,-0.1293335
"2017-11-10 17:19:36.933",0.6308594,-0.8288574,-0.1015625
"2017-11-10 17:19:36.972",0.62475586,-0.8166504,-0.09350586
"2017-11-10 17:19:36.975",0.6044922,-0.8305054,-0.09277344
"2017-11-10 17:19:37.071",0.6173706,-0.8444824,-0.09484863
"2017-11-10 17:19:37.073",0.65722656,-0.82507324,-0.10308838
"2017-11-10 17:19:37.075",0.6604004,-0.80010986,-0.11883545
"2017-11-10 17:19:37.076",0.6329956,-0.7963867,-0.13574219
"2017-11-10 17:19:37.079",0.5895386,-0.8154297,-0.1505127
"2017-11-10 17:19:37.120",0.55688477,-0.83081055,-0.16052246
"2017-11-10 17:19:37.130",0.55426025,-0.833313,-0.16748047
"2017-11-10 17:19:37.134",0.5944824,-0.81048584,-0.15356445
"2017-11-10 17:19:37.166",0.6331177,-0.7952881,-0.13470459
"2017-11-10 17:19:37.169",0.63378906,-0.7973633,-0.14135742
"2017-11-10 17:19:37.215",0.6135864,-0.80566406,-0.159729
"2017-11-10 17:19:37.217",0.5895996,-0.8227539,-0.17181396
"2017-11-10 17:19:37.265",0.5755615,-0.8387451,-0.15948486
"2017-11-10 17:19:37.268",0.57543945,-0.84399414,-0.1408081
"2017-11-10 17:19:37.272",0.5671997,-0.85546875,-0.13787842
"2017-11-10 17:19:37.314",0.55859375,-0.8607178,-0.14434814
"2017-11-10 17:19:37.319",0.5618286,-0.85113525,-0.14892578
"2017-11-10 17:19:37.363",0.5803833,-0.8417969,-0.13562012
"2017-11-10 17:19:37.371",0.6017456,-0.8363037,-0.120910645
"2017-11-10 17:19:37.375",0.61273193,-0.829834,-0.13354492
"2017-11-10 17:19:37.413",0.6367798,-0.81134033,-0.16711426
"2017-11-10 17:19:37.419",0.651001,-0.7932129,-0.19592285
"2017-11-10 17:19:37.462",0.6390991,-0.78900146,-0.20806885
"2017-11-10 17:19:37.464",0.62475586,-0.8019409,-0.2029419
"2017-11-10 17:19:37.466",0.6125488,-0.8197632,-0.1907959
"2017-11-10 17:19:37.511",0.60040283,-0.83099365,-0.1774292
"2017-11-10 17:19:37.513",0.5963135,-0.8324585,-0.16278076
"2017-11-10 17:19:37.560",0.5883789,-0.83709717,-0.15899658
"2017-11-10 17:19:37.563",0.57910156,-0.8410034,-0.16894531
"2017-11-10 17:19:37.565",0.5740967,-0.8428955,-0.1854248
"2017-11-10 17:19:37.607",0.5772705,-0.83966064,-0.18621826
"2017-11-10 17:19:37.612",0.58795166,-0.836792,-0.18200684
"2017-11-10 17:19:37.655",0.59051514,-0.8355713,-0.18713379
"2017-11-10 17:19:37.656",0.58587646,-0.8330078,-0.19592285
"2017-11-10 17:19:37.661",0.5847168,-0.83361816,-0.19665527
"2017-11-10 17:19:37.706",0.58740234,-0.8364258,-0.18463135
"2017-11-10 17:19:37.715",0.5876465,-0.8374634,-0.1776123
"2017-11-10 17:19:37.754",0.5933838,-0.833374,-0.17718506
"2017-11-10 17:19:37.757",0.59729004,-0.828125,-0.18157959
"2017-11-10 17:19:37.758",0.60284424,-0.82336426,-0.19085693
"2017-11-10 17:19:37.800",0.6064453,-0.82025146,-0.19464111
"2017-11-10 17:19:37.801",0.6085205,-0.8226929,-0.19592285
"2017-11-10 17:19:37.851",0.6062622,-0.8218384,-0.1928711
"2017-11-10 17:19:37.853",0.5997925,-0.8222046,-0.19372559
"2017-11-10 17:19:37.910",0.59198,-0.82592773,-0.1953125
"2017-11-10 17:19:37.912",0.5942993,-0.82592773,-0.1977539
"2017-11-10 17:19:37.914",0.600647,-0.8220825,-0.19586182
"2017-11-10 17:19:37.962",0.60723877,-0.8200073,-0.18981934
"2017-11-10 17:19:37.964",0.61187744,-0.8168335,-0.19500732
"2017-11-10 17:19:38.019",0.6112671,-0.81292725,-0.20092773
"2017-11-10 17:19:38.022",0.6081543,-0.8143921,-0.20031738
"2017-11-10 17:19:38.024",0.60668945,-0.81555176,-0.20355225
"2017-11-10 17:19:38.094",0.60266113,-0.8206177,-0.20324707
"2017-11-10 17:19:38.096",0.6050415,-0.8237915,-0.19848633
"2017-11-10 17:19:38.098",0.6046753,-0.8222656,-0.19464111
"2017-11-10 17:19:38.099",0.5996094,-0.8217163,-0.19976807
"2017-11-10 17:19:38.102",0.5922241,-0.8230591,-0.21081543
"2017-11-10 17:19:38.145",0.5946045,-0.821228,-0.2144165
"2017-11-10 17:19:38.147",0.60162354,-0.8200073,-0.21026611
"2017-11-10 17:19:38.193",0.60406494,-0.82092285,-0.2088623
"2017-11-10 17:19:38.196",0.6010742,-0.8192749,-0.21435547
"2017-11-10 17:19:38.197",0.6008911,-0.81829834,-0.21679688
"2017-11-10 17:19:38.244",0.6044922,-0.82025146,-0.21716309
"2017-11-10 17:19:38.247",0.6057129,-0.8208618,-0.21466064
"2017-11-10 17:19:38.289",0.6048584,-0.819458,-0.21374512
"2017-11-10 17:19:38.291",0.5973511,-0.82196045,-0.21514893
"2017-11-10 17:19:38.294",0.58984375,-0.82458496,-0.21746826
"2017-11-10 17:19:38.337",0.5947876,-0.8216553,-0.21966553
"2017-11-10 17:19:38.345",0.6022949,-0.8171387,-0.21911621
"2017-11-10 17:19:38.396",0.60217285,-0.81817627,-0.22253418
"2017-11-10 17:19:38.400",0.5984497,-0.81933594,-0.2263794
"2017-11-10 17:19:38.401",0.60131836,-0.81573486,-0.23187256
"2017-11-10 17:19:38.434",0.61065674,-0.8096924,-0.2331543
"2017-11-10 17:19:38.440",0.61383057,-0.8095093,-0.23156738
"2017-11-10 17:19:38.484",0.61376953,-0.8116455,-0.23040771
"2017-11-10 17:19:38.485",0.6080322,-0.8167114,-0.23297119
"2017-11-10 17:19:38.533",0.60388184,-0.81799316,-0.23468018
"2017-11-10 17:19:38.534",0.6027832,-0.8150635,-0.23510742
"2017-11-10 17:19:38.536",0.6020508,-0.81451416,-0.230896
"2017-11-10 17:19:38.581",0.6086426,-0.81518555,-0.22753906
"2017-11-10 17:19:38.584",0.60839844,-0.81469727,-0.23095703
"2017-11-10 17:19:38.632",0.60406494,-0.81433105,-0.23742676
"2017-11-10 17:19:38.644",0.6047363,-0.8135376,-0.23919678
"2017-11-10 17:19:38.646",0.6077881,-0.8095703,-0.23614502
"2017-11-10 17:19:38.678",0.61273193,-0.8066406,-0.23718262
"2017-11-10 17:19:38.680",0.61279297,-0.80285645,-0.24432373
"2017-11-10 17:19:38.730",0.61413574,-0.8036499,-0.24560547
"2017-11-10 17:19:38.731",0.6203003,-0.8048096,-0.23980713
"2017-11-10 17:19:38.735",0.6190796,-0.8036499,-0.23950195
"2017-11-10 17:19:38.777",0.6201782,-0.80267334,-0.23968506
"2017-11-10 17:19:38.781",0.6220703,-0.80126953,-0.24206543
"2017-11-10 17:19:38.826",0.62335205,-0.8010254,-0.24371338
"2017-11-10 17:19:38.833",0.62005615,-0.80200195,-0.24151611
"2017-11-10 17:19:38.834",0.60839844,-0.80718994,-0.24212646
"2017-11-10 17:19:38.875",0.6141968,-0.8065796,-0.23962402
"2017-11-10 17:19:38.877",0.62060547,-0.8029175,-0.23828125
"2017-11-10 17:19:38.923",0.6206665,-0.80126953,-0.24090576
"2017-11-10 17:19:38.924",0.6177368,-0.8023071,-0.24609375
"2017-11-10 17:19:38.926",0.61383057,-0.803772,-0.24835205
"2017-11-10 17:19:38.971",0.6119385,-0.8051758,-0.24298096
"2017-11-10 17:19:39.026",0.6119995,-0.80474854,-0.2432251
"2017-11-10 17:19:39.027",0.6131592,-0.8067627,-0.24249268
"2017-11-10 17:19:39.030",0.6156616,-0.8060303,-0.2434082
"2017-11-10 17:19:39.031",0.6218872,-0.8027954,-0.24542236
"2017-11-10 17:19:39.070",0.6174927,-0.80285645,-0.25024414
"2017-11-10 17:19:39.072",0.61169434,-0.8062744,-0.25201416
"2017-11-10 17:19:39.119",0.61138916,-0.80773926,-0.25042725
"2017-11-10 17:19:39.121",0.61083984,-0.8052368,-0.24938965
"2017-11-10 17:19:39.123",0.6095581,-0.805542,-0.24865723
"2017-11-10 17:19:39.167",0.6125488,-0.8027954,-0.25115967
"2017-11-10 17:19:39.171",0.62249756,-0.7982178,-0.2536621
"2017-11-10 17:19:39.216",0.62542725,-0.79644775,-0.25842285
"2017-11-10 17:19:39.220",0.62298584,-0.7982178,-0.25823975
"2017-11-10 17:19:39.264",0.61828613,-0.79870605,-0.25549316
"2017-11-10 17:19:39.267",0.6101074,-0.8053589,-0.25689697
"2017-11-10 17:19:39.268",0.6140137,-0.8033447,-0.25134277
"2017-11-10 17:19:39.314",0.62072754,-0.7991333,-0.24694824
"2017-11-10 17:19:39.315",0.6226196,-0.79785156,-0.25201416
"2017-11-10 17:19:39.363",0.6206665,-0.79748535,-0.2592163
"2017-11-10 17:19:39.365",0.62420654,-0.79467773,-0.2607422
"2017-11-10 17:19:39.367",0.6210327,-0.7944336,-0.2630005
"2017-11-10 17:19:39.414",0.61499023,-0.79852295,-0.26507568
"2017-11-10 17:19:39.417",0.61499023,-0.7994385,-0.26391602
"2017-11-10 17:19:39.462",0.61383057,-0.79663086,-0.26159668
"2017-11-10 17:19:39.465",0.61743164,-0.7953491,-0.26348877
"2017-11-10 17:19:39.466",0.6144409,-0.7987671,-0.26617432
"2017-11-10 17:19:39.510",0.6088257,-0.80096436,-0.27288818
"2017-11-10 17:19:39.511",0.61120605,-0.7979126,-0.27539063
"2017-11-10 17:19:39.559",0.61761475,-0.7949829,-0.2755127
"2017-11-10 17:19:39.561",0.6209717,-0.79467773,-0.27374268
"2017-11-10 17:19:39.563",0.6184082,-0.7935791,-0.27581787
"2017-11-10 17:19:39.613",0.61828613,-0.7942505,-0.27905273
"2017-11-10 17:19:39.623",0.61743164,-0.7925415,-0.28063965
"2017-11-10 17:19:39.654",0.618103,-0.79248047,-0.27990723
"2017-11-10 17:19:39.658",0.6185913,-0.7942505,-0.27722168
"2017-11-10 17:19:39.660",0.6226196,-0.7926636,-0.2753296
"2017-11-10 17:19:39.703",0.6217041,-0.7909546,-0.2805786
"2017-11-10 17:19:39.705",0.61553955,-0.7943115,-0.28430176
"2017-11-10 17:19:39.755",0.61798096,-0.79016113,-0.28656006
"2017-11-10 17:19:39.756",0.6253662,-0.7861328,-0.2849121
"2017-11-10 17:19:39.758",0.62976074,-0.7844238,-0.2845459
"2017-11-10 17:19:39.799",0.6277466,-0.7852173,-0.28692627
"2017-11-10 17:19:39.802",0.62713623,-0.7863159,-0.28424072
"2017-11-10 17:19:39.850",0.6251831,-0.7844238,-0.28338623
"2017-11-10 17:19:39.854",0.6199951,-0.7892456,-0.28619385
"2017-11-10 17:19:39.900",0.6208496,-0.7911377,-0.28460693
"2017-11-10 17:19:39.905",0.62231445,-0.7891846,-0.27868652
"2017-11-10 17:19:39.906",0.6235962,-0.78704834,-0.28631592
"2017-11-10 17:19:39.946",0.63079834,-0.78308105,-0.29052734
"2017-11-10 17:19:39.948",0.63946533,-0.77752686,-0.2923584
"2017-11-10 17:19:39.995",0.6358032,-0.7786255,-0.29431152
"2017-11-10 17:19:39.997",0.62701416,-0.78338623,-0.2962036
"2017-11-10 17:19:40.048",0.6281738,-0.78497314,-0.28948975
"2017-11-10 17:19:40.050",0.6347656,-0.7822876,-0.28186035
"2017-11-10 17:19:40.052",0.63879395,-0.7799072,-0.28375244
"2017-11-10 17:19:40.093",0.631958,-0.7821655,-0.29455566
"2017-11-10 17:19:40.097",0.6323242,-0.77905273,-0.2937622
"2017-11-10 17:19:40.098",0.63409424,-0.7809448,-0.29107666
"2017-11-10 17:19:40.143",0.62939453,-0.78466797,-0.29003906
"2017-11-10 17:19:40.145",0.6260376,-0.7840576,-0.29205322
"2017-11-10 17:19:40.192",0.6282959,-0.7813721,-0.2886963
"2017-11-10 17:19:40.194",0.63031006,-0.7833252,-0.28710938
"2017-11-10 17:19:40.196",0.6248779,-0.7866211,-0.29345703
"2017-11-10 17:19:40.240",0.6201782,-0.7839966,-0.29974365
"2017-11-10 17:19:40.245",0.62841797,-0.78234863,-0.2904663
"2017-11-10 17:19:40.292",0.6311035,-0.7817993,-0.2845459
"2017-11-10 17:19:40.297",0.631958,-0.7813721,-0.29022217
"2017-11-10 17:19:40.298",0.6333618,-0.77911377,-0.29803467
"2017-11-10 17:19:40.336",0.6290283,-0.7791748,-0.29626465
"2017-11-10 17:19:40.340",0.63012695,-0.78118896,-0.28857422
"2017-11-10 17:19:40.386",0.6288452,-0.7836914,-0.29626465
"2017-11-10 17:19:40.388",0.6173096,-0.788208,-0.2999878
"2017-11-10 17:19:40.392",0.6213989,-0.7890625,-0.2892456
"2017-11-10 17:19:40.434",0.6226196,-0.7885742,-0.2850952
"2017-11-10 17:19:40.437",0.62390137,-0.78533936,-0.29486084
"2017-11-10 17:19:40.482",0.6333618,-0.77941895,-0.30114746
"2017-11-10 17:19:40.485",0.6366577,-0.7758789,-0.29956055
"2017-11-10 17:19:40.535",0.631958,-0.7814331,-0.29858398
"2017-11-10 17:19:40.538",0.62231445,-0.78845215,-0.2930298
"2017-11-10 17:19:40.545",0.6246338,-0.7877197,-0.28338623
"2017-11-10 17:19:40.581",0.6289673,-0.784729,-0.27764893
"2017-11-10 17:19:40.584",0.6244507,-0.7855835,-0.28936768
"2017-11-10 17:19:40.630",0.62841797,-0.7825928,-0.30145264
"2017-11-10 17:19:40.635",0.6366577,-0.7782593,-0.30041504
"2017-11-10 17:19:40.638",0.6281738,-0.7833252,-0.29284668
"2017-11-10 17:19:40.678",0.6257324,-0.78619385,-0.2897339
"2017-11-10 17:19:40.680",0.62323,-0.78985596,-0.2874756
