"2017-11-10 17:23:23.178",0.3786621,-0.8825073,0.24475098
"2017-11-10 17:23:23.187",0.3735962,-0.8758545,0.23809814
"2017-11-10 17:23:23.194",0.38897705,-0.861145,0.2666626
"2017-11-10 17:23:23.221",0.402771,-0.84399414,0.31793213
"2017-11-10 17:23:23.223",0.3791504,-0.82733154,0.36242676
"2017-11-10 17:23:23.270",0.36956787,-0.8468628,0.3796997
"2017-11-10 17:23:23.274",0.37677002,-0.8980713,0.34765625
"2017-11-10 17:23:23.280",0.36187744,-0.97906494,0.3866577
"2017-11-10 17:23:23.317",0.34405518,-0.99835205,0.4451294
"2017-11-10 17:23:23.323",0.36724854,-0.9176636,0.44024658
"2017-11-10 17:23:23.368",0.41168213,-0.84399414,0.29797363
"2017-11-10 17:23:23.374",0.46795654,-0.7735596,0.19525146
"2017-11-10 17:23:23.377",0.46502686,-0.7617798,0.24865723
"2017-11-10 17:23:23.415",0.42590332,-0.8239746,0.2567749
"2017-11-10 17:23:23.417",0.3710327,-0.9121704,0.23931885
"2017-11-10 17:23:23.465",0.35375977,-0.9539795,0.23724365
"2017-11-10 17:23:23.466",0.37780762,-0.9331665,0.2263794
"2017-11-10 17:23:23.475",0.39898682,-0.8915405,0.22973633
"2017-11-10 17:23:23.513",0.42230225,-0.8599243,0.24346924
"2017-11-10 17:23:23.517",0.43615723,-0.85772705,0.27026367
"2017-11-10 17:23:23.563",0.45141602,-0.8734131,0.28033447
"2017-11-10 17:23:23.568",0.44812012,-0.87628174,0.30267334
"2017-11-10 17:23:23.611",0.4350586,-0.8684082,0.31958008
"2017-11-10 17:23:23.617",0.42749023,-0.8601074,0.31939697
"2017-11-10 17:23:23.622",0.4241333,-0.85180664,0.3310547
"2017-11-10 17:23:23.660",0.43078613,-0.8501587,0.33166504
"2017-11-10 17:23:23.663",0.4404297,-0.85461426,0.32305908
"2017-11-10 17:23:23.710",0.43823242,-0.8550415,0.32769775
"2017-11-10 17:23:23.713",0.43780518,-0.85913086,0.31530762
"2017-11-10 17:23:23.719",0.4397583,-0.8560791,0.31201172
"2017-11-10 17:23:23.809",0.43170166,-0.85839844,0.2977295
"2017-11-10 17:23:23.812",0.43133545,-0.859375,0.29614258
"2017-11-10 17:23:23.813",0.42614746,-0.86328125,0.3007202
"2017-11-10 17:23:23.815",0.42669678,-0.86431885,0.29888916
"2017-11-10 17:23:23.821",0.42907715,-0.85687256,0.30499268
"2017-11-10 17:23:23.855",0.43475342,-0.8514404,0.31115723
"2017-11-10 17:23:23.861",0.44378662,-0.84661865,0.30975342
"2017-11-10 17:23:23.905",0.44250488,-0.8463135,0.30804443
"2017-11-10 17:23:23.911",0.4352417,-0.8493042,0.31445313
"2017-11-10 17:23:23.921",0.42590332,-0.852417,0.3196411
"2017-11-10 17:23:23.953",0.430542,-0.85894775,0.31158447
"2017-11-10 17:23:23.963",0.43243408,-0.8619995,0.30999756
"2017-11-10 17:23:24.001",0.4260254,-0.86712646,0.31622314
"2017-11-10 17:23:24.012",0.42785645,-0.8699341,0.319458
"2017-11-10 17:23:24.014",0.43359375,-0.8699341,0.317688
"2017-11-10 17:23:24.050",0.43572998,-0.8694458,0.30993652
"2017-11-10 17:23:24.052",0.42730713,-0.868042,0.3145752
"2017-11-10 17:23:24.101",0.42547607,-0.86779785,0.30871582
"2017-11-10 17:23:24.102",0.42443848,-0.8682251,0.3078003
"2017-11-10 17:23:24.150",0.42181396,-0.8684082,0.30786133
"2017-11-10 17:23:24.166",0.42352295,-0.8648071,0.30718994
"2017-11-10 17:23:24.170",0.4206543,-0.862854,0.30407715
"2017-11-10 17:23:24.199",0.4196167,-0.86621094,0.30541992
"2017-11-10 17:23:24.205",0.42199707,-0.868042,0.3078003
"2017-11-10 17:23:24.244",0.41918945,-0.86364746,0.30438232
"2017-11-10 17:23:24.253",0.41748047,-0.86065674,0.30358887
"2017-11-10 17:23:24.254",0.41229248,-0.86712646,0.30419922
"2017-11-10 17:23:24.292",0.41070557,-0.86553955,0.3078003
"2017-11-10 17:23:24.343",0.41308594,-0.86608887,0.29614258
"2017-11-10 17:23:24.345",0.41381836,-0.8670654,0.2956543
"2017-11-10 17:23:24.346",0.40795898,-0.8745117,0.30847168
"2017-11-10 17:23:24.347",0.41430664,-0.87384033,0.30548096
"2017-11-10 17:23:24.391",0.42163086,-0.86639404,0.29986572
"2017-11-10 17:23:24.394",0.4151001,-0.8621826,0.3076172
"2017-11-10 17:23:24.442",0.41308594,-0.86553955,0.3123169
"2017-11-10 17:23:24.445",0.41625977,-0.8670044,0.30999756
"2017-11-10 17:23:24.446",0.42053223,-0.87091064,0.30847168
"2017-11-10 17:23:24.490",0.4251709,-0.8696289,0.3092041
"2017-11-10 17:23:24.494",0.42755127,-0.8668823,0.30194092
"2017-11-10 17:23:24.539",0.4179077,-0.86553955,0.3024292
"2017-11-10 17:23:24.545",0.41461182,-0.86486816,0.300354
"2017-11-10 17:23:24.548",0.411438,-0.86535645,0.30059814
"2017-11-10 17:23:24.587",0.41345215,-0.86260986,0.30297852
"2017-11-10 17:23:24.593",0.41851807,-0.8602295,0.30517578
"2017-11-10 17:23:24.637",0.41235352,-0.8613281,0.30413818
"2017-11-10 17:23:24.658",0.40673828,-0.86657715,0.3010254
"2017-11-10 17:23:24.660",0.41149902,-0.8708496,0.296875
"2017-11-10 17:23:24.683",0.4151001,-0.86639404,0.29888916
"2017-11-10 17:23:24.685",0.41290283,-0.86260986,0.30859375
"2017-11-10 17:23:24.733",0.41662598,-0.86016846,0.31030273
"2017-11-10 17:23:24.737",0.4204712,-0.8666992,0.30859375
"2017-11-10 17:23:24.743",0.4272461,-0.8765259,0.30560303
"2017-11-10 17:23:24.780",0.4352417,-0.87542725,0.303833
"2017-11-10 17:23:24.789",0.43023682,-0.8699951,0.30377197
"2017-11-10 17:23:24.928",0.42279053,-0.8676758,0.29901123
"2017-11-10 17:23:24.939",0.42108154,-0.8691406,0.29083252
"2017-11-10 17:23:24.941",0.4121704,-0.8679199,0.2901001
"2017-11-10 17:23:24.943",0.41070557,-0.87316895,0.28686523
"2017-11-10 17:23:24.944",0.41168213,-0.87579346,0.28686523
"2017-11-10 17:23:24.946",0.4043579,-0.8814697,0.2849121
"2017-11-10 17:23:24.978",0.40905762,-0.8857422,0.28552246
"2017-11-10 17:23:24.981",0.40533447,-0.88671875,0.2915039
"2017-11-10 17:23:24.990",0.39294434,-0.8833618,0.28619385
"2017-11-10 17:23:24.993",0.3899536,-0.8944092,0.2767334
"2017-11-10 17:23:25.026",0.3909912,-0.91986084,0.27941895
"2017-11-10 17:23:25.031",0.3953247,-0.93078613,0.28979492
"2017-11-10 17:23:25.075",0.39349365,-0.95098877,0.28497314
"2017-11-10 17:23:25.080",0.37506104,-0.9743042,0.2886963
"2017-11-10 17:23:25.084",0.34399414,-0.97735596,0.26361084
"2017-11-10 17:23:25.125",0.30737305,-0.9672241,0.21258545
"2017-11-10 17:23:25.139",0.3098755,-0.95965576,0.21350098
"2017-11-10 17:23:25.170",0.3491211,-0.95166016,0.21655273
"2017-11-10 17:23:25.172",0.42022705,-0.92163086,0.21697998
"2017-11-10 17:23:25.175",0.4584961,-0.90093994,0.21929932
"2017-11-10 17:23:25.219",0.47210693,-0.91070557,0.20953369
"2017-11-10 17:23:25.223",0.4331665,-0.935791,0.12878418
"2017-11-10 17:23:25.273",0.4019165,-0.93341064,0.12628174
"2017-11-10 17:23:25.281",0.4095459,-0.8942261,0.13769531
"2017-11-10 17:23:25.282",0.4039917,-0.87249756,0.12524414
"2017-11-10 17:23:25.317",0.39971924,-0.8654785,0.1394043
"2017-11-10 17:23:25.320",0.38708496,-0.8494873,0.14349365
"2017-11-10 17:23:25.368",0.37054443,-0.8432007,0.15106201
"2017-11-10 17:23:25.372",0.34692383,-0.8691406,0.1473999
"2017-11-10 17:23:25.375",0.32055664,-0.89953613,0.14135742
"2017-11-10 17:23:25.416",0.30255127,-0.91308594,0.12561035
"2017-11-10 17:23:25.424",0.29888916,-0.9053955,0.112976074
"2017-11-10 17:23:25.464",0.29821777,-0.8911743,0.09307861
"2017-11-10 17:23:25.467",0.2906494,-0.90563965,0.09790039
"2017-11-10 17:23:25.513",0.28857422,-0.92749023,0.11077881
"2017-11-10 17:23:25.520",0.28704834,-0.9258423,0.09887695
"2017-11-10 17:23:25.525",0.28552246,-0.91851807,0.08093262
"2017-11-10 17:23:25.561",0.26220703,-0.9437256,0.083618164
"2017-11-10 17:23:25.567",0.2723999,-0.9623413,0.076416016
"2017-11-10 17:23:25.610",0.30914307,-0.96881104,0.079833984
"2017-11-10 17:23:25.614",0.3324585,-0.97039795,0.08404541
"2017-11-10 17:23:25.635",0.36242676,-0.95410156,0.0947876
"2017-11-10 17:23:25.658",0.38293457,-0.9234619,0.11401367
"2017-11-10 17:23:25.662",0.38519287,-0.9265137,0.14013672
"2017-11-10 17:23:25.707",0.37963867,-1.0003662,0.1741333
"2017-11-10 17:23:25.715",0.3977661,-1.0956421,0.19830322
"2017-11-10 17:23:25.716",0.4249878,-1.1063843,0.12591553
"2017-11-10 17:23:25.755",0.48620605,-0.9655762,0.0970459
"2017-11-10 17:23:25.758",0.51672363,-0.79455566,0.24194336
"2017-11-10 17:23:25.807",0.5548096,-0.70880127,0.34161377
"2017-11-10 17:23:25.809",0.5565796,-0.78796387,0.14697266
"2017-11-10 17:23:25.813",0.5140381,-0.9191284,0.045715332
"2017-11-10 17:23:25.855",0.4758911,-0.96588135,0.10247803
"2017-11-10 17:23:25.864",0.506897,-0.9193115,0.11694336
"2017-11-10 17:23:25.903",0.51220703,-0.85583496,0.13531494
"2017-11-10 17:23:25.954",0.5184326,-0.8200073,0.09387207
"2017-11-10 17:23:25.955",0.5362549,-0.83062744,0.05456543
"2017-11-10 17:23:25.961",0.52716064,-0.8775635,0.06640625
"2017-11-10 17:23:25.964",0.5368042,-0.86517334,0.060180664
"2017-11-10 17:23:26.002",0.5404663,-0.8597412,0.04663086
"2017-11-10 17:23:26.004",0.5238037,-0.871521,0.053588867
"2017-11-10 17:23:26.006",0.50964355,-0.8847656,0.08795166
"2017-11-10 17:23:26.051",0.49395752,-0.86590576,0.08886719
"2017-11-10 17:23:26.054",0.47821045,-0.8781128,0.06365967
"2017-11-10 17:23:26.099",0.5342407,-0.866333,0.037109375
"2017-11-10 17:23:26.104",0.6104126,-0.78674316,0.06921387
"2017-11-10 17:23:26.147",0.63061523,-0.78253174,0.078063965
"2017-11-10 17:23:26.151",0.6442261,-0.82611084,0.09240723
"2017-11-10 17:23:26.152",0.67645264,-0.8170166,0.14782715
"2017-11-10 17:23:26.195",0.6469116,-0.8144531,0.15710449
"2017-11-10 17:23:26.201",0.61291504,-0.8432617,0.107177734
"2017-11-10 17:23:26.243",0.59313965,-0.855896,0.093322754
"2017-11-10 17:23:26.246",0.57977295,-0.840271,0.101989746
"2017-11-10 17:23:26.251",0.58203125,-0.8569336,0.12963867
"2017-11-10 17:23:26.293",0.6154785,-0.8053589,0.14312744
"2017-11-10 17:23:26.298",0.6479492,-0.77233887,0.125
"2017-11-10 17:23:26.343",0.61621094,-0.814209,0.07757568
"2017-11-10 17:23:26.347",0.5930786,-0.80596924,0.14855957
"2017-11-10 17:23:26.348",0.5888672,-0.81427,0.19830322
"2017-11-10 17:23:26.392",0.5881958,-0.81500244,0.18017578
"2017-11-10 17:23:26.394",0.63287354,-0.78149414,0.15966797
"2017-11-10 17:23:26.440",0.5904541,-0.80444336,0.21258545
"2017-11-10 17:23:26.442",0.55755615,-0.80584717,0.26019287
"2017-11-10 17:23:26.444",0.5936279,-0.7803955,0.20812988
"2017-11-10 17:23:26.487",0.64367676,-0.7824707,0.053466797
"2017-11-10 17:23:26.491",0.6676636,-0.7630005,-0.01763916
"2017-11-10 17:23:26.536",0.64245605,-0.7527466,-0.003479004
"2017-11-10 17:23:26.539",0.5671997,-0.76794434,0.070617676
"2017-11-10 17:23:26.541",0.49658203,-0.8019409,0.11352539
"2017-11-10 17:23:26.586",0.46984863,-0.83306885,0.13165283
"2017-11-10 17:23:26.591",0.480896,-0.87127686,0.14801025
"2017-11-10 17:23:26.634",0.5716553,-0.9221802,0.20727539
"2017-11-10 17:23:26.635",0.6972656,-0.9055786,0.27526855
"2017-11-10 17:23:26.637",0.6972046,-0.9081421,0.24780273
"2017-11-10 17:23:26.683",0.13867188,-1.062561,0.48815918
"2017-11-10 17:23:26.688",-0.6010132,-1.7817383,0.9906006
"2017-11-10 17:23:26.730",0.82196045,-1.2219849,0.55755615
"2017-11-10 17:23:26.732",1.3330078,-0.68414307,0.036499023
"2017-11-10 17:23:26.779",1.0628052,-0.64868164,0.036621094
"2017-11-10 17:23:26.836",0.8892822,-0.7371216,0.13348389
"2017-11-10 17:23:26.841",0.5975952,-0.9975586,0.090026855
"2017-11-10 17:23:26.846",0.48388672,-0.93463135,0.16186523
"2017-11-10 17:23:26.848",0.4967041,-0.82592773,0.18737793
"2017-11-10 17:23:26.880",0.5114136,-0.71380615,0.203125
"2017-11-10 17:23:26.881",0.680542,-0.44970703,0.2121582
"2017-11-10 17:23:26.887",0.67407227,-0.37353516,0.19238281
"2017-11-10 17:23:27.025",0.510376,-0.54382324,0.18804932
"2017-11-10 17:23:27.027",0.42700195,-0.60266113,0.20666504
"2017-11-10 17:23:27.072",0.43164063,-0.5889282,0.18200684
"2017-11-10 17:23:27.174",0.3867798,-0.6744995,0.14459229
"2017-11-10 17:23:27.176",0.30303955,-0.83447266,0.07873535
"2017-11-10 17:23:27.182",0.30169678,-0.9091797,-0.06896973
"2017-11-10 17:23:27.183",0.34753418,-0.84436035,-0.18841553
"2017-11-10 17:23:27.186",0.302063,-0.7494507,-0.2220459
"2017-11-10 17:23:27.187",0.27801514,-0.72717285,-0.215271
"2017-11-10 17:23:27.272",0.2626953,-0.7761841,-0.060668945
"2017-11-10 17:23:27.279",0.26391602,-0.84161377,0.07336426
"2017-11-10 17:23:27.291",0.23339844,-0.89019775,0.09832764
"2017-11-10 17:23:27.293",0.24023438,-0.91625977,0.12194824
"2017-11-10 17:23:27.296",0.24212646,-0.85717773,0.31036377
"2017-11-10 17:23:27.297",0.23724365,-0.8878174,0.31573486
"2017-11-10 17:23:27.319",0.36627197,-0.8679199,0.16101074
"2017-11-10 17:23:27.321",0.44848633,-0.79711914,0.08190918
"2017-11-10 17:23:27.325",0.4352417,-0.75231934,0.18591309
"2017-11-10 17:23:27.328",0.41723633,-0.71435547,0.24572754
"2017-11-10 17:23:27.331",0.40447998,-0.7614746,0.25482178
"2017-11-10 17:23:27.332",0.37664795,-0.76013184,0.2859497
"2017-11-10 17:23:27.367",0.33514404,-0.835022,0.27923584
"2017-11-10 17:23:27.369",0.35809326,-0.84259033,0.3583374
"2017-11-10 17:23:27.375",0.49365234,-0.7838135,0.34259033
"2017-11-10 17:23:27.377",0.6326904,-0.7959595,0.32904053
"2017-11-10 17:23:27.413",0.72784424,-0.9650879,0.31829834
"2017-11-10 17:23:27.415",0.6053467,-0.9996338,0.14263916
"2017-11-10 17:23:27.463",0.5762329,-0.9628296,0.20123291
"2017-11-10 17:23:27.465",0.8060303,-1.0252075,0.06555176
"2017-11-10 17:23:27.513",0.9844971,-1.1607666,-0.045898438
"2017-11-10 17:23:27.518",0.9807739,-1.1845703,0.054626465
"2017-11-10 17:23:27.527",0.9639282,-1.1962891,0.06439209
"2017-11-10 17:23:27.559",0.7821045,-1.6500244,0.30700684
"2017-11-10 17:23:27.563",0.4416504,-1.4082031,0.3189087
"2017-11-10 17:23:27.611",0.4590454,-0.59643555,0.12017822
"2017-11-10 17:23:27.636",0.6095581,-0.53778076,-0.35357666
"2017-11-10 17:23:27.637",0.61065674,-0.8286743,-0.2753296
"2017-11-10 17:23:27.657",0.5507202,-1.0081787,-0.012268066
"2017-11-10 17:23:27.658",0.4890747,-0.99957275,0.13391113
"2017-11-10 17:23:27.705",0.47857666,-0.8596802,0.15759277
"2017-11-10 17:23:27.709",0.440979,-0.82995605,0.09283447
"2017-11-10 17:23:27.712",0.36523438,-0.86743164,0.09729004
"2017-11-10 17:23:27.755",0.35595703,-0.8276367,0.13690186
"2017-11-10 17:23:27.758",0.39068604,-0.7685547,0.16809082
"2017-11-10 17:23:27.806",0.4350586,-0.81256104,0.06866455
"2017-11-10 17:23:27.812",0.45300293,-0.84716797,0.036499023
"2017-11-10 17:23:27.813",0.4064331,-0.7973633,0.110839844
"2017-11-10 17:23:27.854",0.34545898,-0.7302246,0.18188477
"2017-11-10 17:23:27.855",0.44677734,-0.68829346,0.05999756
"2017-11-10 17:23:27.901",0.4890747,-0.7203369,0.04309082
"2017-11-10 17:23:27.907",0.45147705,-0.72857666,0.09136963
"2017-11-10 17:23:27.911",0.4697876,-0.6835327,0.07159424
"2017-11-10 17:23:27.951",0.58135986,-0.6999512,0.0078125
"2017-11-10 17:23:27.960",0.62945557,-0.76135254,-0.01977539
"2017-11-10 17:23:27.998",0.5506592,-0.8156128,-0.028503418
"2017-11-10 17:23:28.004",0.44244385,-0.7952881,-0.036621094
"2017-11-10 17:23:28.050",0.3447876,-0.7998657,-0.03302002
"2017-11-10 17:23:28.053",0.42871094,-0.79766846,0.0211792
"2017-11-10 17:23:28.054",0.5131836,-0.8588867,-0.038024902
"2017-11-10 17:23:28.099",0.35516357,-1.1710205,-0.11975098
"2017-11-10 17:23:28.100",0.11437988,-1.4879761,-0.009277344
"2017-11-10 17:23:28.144",0.10101318,-1.6872559,0.33221436
"2017-11-10 17:23:28.148",0.72351074,-1.6182251,0.10949707
"2017-11-10 17:23:28.198",0.8939209,-1.6331177,2.4414063E-4
"2017-11-10 17:23:28.199",0.93408203,-1.4098511,-0.07562256
"2017-11-10 17:23:28.204",1.062561,-1.0535278,-0.0725708
"2017-11-10 17:23:28.243",0.88500977,-0.59332275,-0.10845947
"2017-11-10 17:23:28.248",0.61553955,-0.65966797,-0.1897583
"2017-11-10 17:23:28.249",0.6029663,-0.94744873,0.064208984
"2017-11-10 17:23:28.292",0.5874634,-1.02771,0.12286377
"2017-11-10 17:23:28.299",0.51782227,-0.7583008,0.030944824
"2017-11-10 17:23:28.340",0.44189453,-0.5784912,0.0859375
"2017-11-10 17:23:28.341",0.3968506,-0.480896,0.12756348
"2017-11-10 17:23:28.343",0.3824463,-0.46923828,0.13696289
"2017-11-10 17:23:28.388",0.33685303,-0.49432373,0.10412598
"2017-11-10 17:23:28.393",0.35772705,-0.5236206,0.062805176
"2017-11-10 17:23:28.439",0.4052124,-0.54956055,0.0146484375
"2017-11-10 17:23:28.443",0.3881836,-0.6142578,0.026672363
"2017-11-10 17:23:28.445",0.3125,-0.72143555,-0.0034179688
"2017-11-10 17:23:28.485",0.27911377,-0.7883301,-0.011352539
"2017-11-10 17:23:28.488",0.27398682,-0.83947754,0.012451172
"2017-11-10 17:23:28.536",0.2984619,-0.8366699,-1.8310547E-4
"2017-11-10 17:23:28.541",0.3085327,-0.81866455,-0.008422852
"2017-11-10 17:23:28.544",0.26696777,-0.86535645,-0.02758789
"2017-11-10 17:23:28.586",0.2677002,-0.8029785,-0.007385254
"2017-11-10 17:23:28.592",0.28424072,-0.7485962,0.028686523
"2017-11-10 17:23:28.632",0.31756592,-0.7889404,0.064575195
"2017-11-10 17:23:28.640",0.2942505,-0.9315796,0.17944336
"2017-11-10 17:23:28.681",0.37963867,-0.97021484,0.30462646
"2017-11-10 17:23:28.692",0.4335327,-0.97442627,0.4215088
"2017-11-10 17:23:28.694",0.43481445,-1.1488647,0.5366821
"2017-11-10 17:23:28.729",0.61450195,-1.3170776,0.43182373
"2017-11-10 17:23:28.731",0.7878418,-1.2627563,0.37695313
"2017-11-10 17:23:28.829",0.9522095,-1.0169678,0.44274902
"2017-11-10 17:23:28.831",0.89837646,-0.9558716,0.19421387
"2017-11-10 17:23:28.836",0.8486328,-0.86694336,-0.22399902
"2017-11-10 17:23:28.878",0.67211914,-1.0841675,-0.19873047
"2017-11-10 17:23:28.883",0.61834717,-1.298645,-0.11035156
"2017-11-10 17:23:28.884",0.7126465,-1.411499,-0.0234375
"2017-11-10 17:23:28.888",0.97332764,-1.8247681,0.019226074
"2017-11-10 17:23:28.895",0.7098999,-1.1629639,0.32318115
"2017-11-10 17:23:28.925",0.5029907,-0.49682617,0.20812988
"2017-11-10 17:23:28.930",0.4664917,-0.5726929,-0.050231934
"2017-11-10 17:23:28.973",0.4696045,-0.82928467,-0.07763672
"2017-11-10 17:23:28.974",0.43798828,-0.99401855,-0.05444336
"2017-11-10 17:23:28.980",0.44439697,-0.86273193,0.08441162
"2017-11-10 17:23:29.024",0.56677246,-0.73114014,0.14685059
"2017-11-10 17:23:29.034",0.5800171,-0.78204346,0.15490723
"2017-11-10 17:23:29.073",0.36621094,-0.88012695,0.09716797
"2017-11-10 17:23:29.083",0.19165039,-0.852478,0.14880371
"2017-11-10 17:23:29.099",0.28503418,-0.8310547,0.19555664
"2017-11-10 17:23:29.119",0.37902832,-0.80181885,0.10046387
"2017-11-10 17:23:29.120",0.3005371,-0.79797363,0.07019043
"2017-11-10 17:23:29.170",0.2420044,-0.7930908,0.024414063
"2017-11-10 17:23:29.175",0.37469482,-0.74676514,0.08709717
"2017-11-10 17:23:29.180",0.52508545,-0.7357178,0.042297363
"2017-11-10 17:23:29.217",0.5230713,-0.7705078,-0.09661865
"2017-11-10 17:23:29.223",0.42700195,-0.81030273,-0.03253174
"2017-11-10 17:23:29.268",0.42840576,-0.77008057,-0.0028076172
"2017-11-10 17:23:29.281",0.51293945,-0.74731445,-0.03503418
"2017-11-10 17:23:29.283",0.56848145,-0.75335693,-0.093322754
"2017-11-10 17:23:29.319",0.5515137,-0.72998047,-0.03137207
"2017-11-10 17:23:29.320",0.6433716,-0.7382202,0.015258789
"2017-11-10 17:23:29.366",0.6451416,-0.84490967,-0.0036010742
"2017-11-10 17:23:29.367",0.46380615,-0.93499756,-0.015563965
"2017-11-10 17:23:29.414",0.3071289,-1.0318604,0.04876709
"2017-11-10 17:23:29.419",0.1842041,-1.1616211,-0.0067749023
"2017-11-10 17:23:29.425",0.14147949,-1.2770386,0.1307373
"2017-11-10 17:23:29.461",0.2930298,-1.3085938,0.30511475
"2017-11-10 17:23:29.469",0.4864502,-1.3998413,0.364563
"2017-11-10 17:23:29.512",0.7328491,-1.6115723,0.3270874
"2017-11-10 17:23:29.517",0.94366455,-1.5375977,0.28295898
"2017-11-10 17:23:29.519",1.078186,-1.1015015,0.0914917
"2017-11-10 17:23:29.559",1.0668945,-0.86535645,-0.092041016
"2017-11-10 17:23:29.562",0.83599854,-0.7786865,-0.06774902
"2017-11-10 17:23:29.607",0.7595825,-0.71691895,-0.046020508
"2017-11-10 17:23:29.615",0.73168945,-0.7659912,0.13623047
"2017-11-10 17:23:29.622",0.5901489,-0.74420166,0.21887207
"2017-11-10 17:23:29.655",0.49749756,-0.5440674,0.14556885
"2017-11-10 17:23:29.661",0.39916992,-0.5181885,0.14666748
"2017-11-10 17:23:29.707",0.3604126,-0.510437,0.11230469
"2017-11-10 17:23:29.710",0.38183594,-0.5214844,0.11437988
"2017-11-10 17:23:29.714",0.37768555,-0.5540161,0.13458252
"2017-11-10 17:23:29.756",0.3287964,-0.66729736,0.1005249
"2017-11-10 17:23:29.758",0.21575928,-0.7805786,0.09448242
"2017-11-10 17:23:29.802",0.19366455,-0.6918335,0.02923584
"2017-11-10 17:23:29.804",0.22296143,-0.5953369,0.005859375
"2017-11-10 17:23:29.856",0.23278809,-0.61102295,-0.03125
"2017-11-10 17:23:29.859",0.31280518,-0.7062378,-0.080322266
"2017-11-10 17:23:29.862",0.3708496,-0.7909546,0.11413574
"2017-11-10 17:23:29.899",0.3538208,-0.8487549,0.22106934
"2017-11-10 17:23:29.907",0.34368896,-0.8654785,0.23718262
"2017-11-10 17:23:29.908",0.2736206,-0.9063721,0.16693115
"2017-11-10 17:23:29.953",0.20617676,-0.9584961,0.20532227
"2017-11-10 17:23:29.954",0.115112305,-1.0301514,0.23046875
"2017-11-10 17:23:29.999",0.18035889,-1.0462646,0.1706543
"2017-11-10 17:23:30.001",0.3425293,-1.0402832,0.21704102
"2017-11-10 17:23:30.048",0.5389404,-1.2508545,0.52075195
"2017-11-10 17:23:30.051",0.7967529,-1.2940063,0.36486816
"2017-11-10 17:23:30.062",0.98583984,-1.1311035,0.4696045
"2017-11-10 17:23:30.097",0.80566406,-0.97003174,0.35565186
"2017-11-10 17:23:30.103",0.8722534,-0.89837646,-0.06188965
"2017-11-10 17:23:30.143",0.75823975,-1.013977,-0.17181396
"2017-11-10 17:23:30.152",0.7374878,-1.1420288,-0.15875244
"2017-11-10 17:23:30.153",0.75567627,-1.0549927,-0.1661377
"2017-11-10 17:23:30.192",0.638916,-1.1658325,-0.0368042
"2017-11-10 17:23:30.194",0.7636719,-1.7903442,0.2520752
"2017-11-10 17:23:30.241",0.41973877,-1.2770386,0.33294678
"2017-11-10 17:23:30.242",0.4071045,-0.6245117,0.0015258789
"2017-11-10 17:23:30.247",0.46759033,-0.6513672,-0.19732666
"2017-11-10 17:23:30.291",0.5023804,-0.84698486,-0.21801758
"2017-11-10 17:23:30.293",0.54193115,-1.0153198,-0.032958984
"2017-11-10 17:23:30.341",0.60491943,-0.98742676,0.062316895
"2017-11-10 17:23:30.344",0.5397949,-0.77160645,0.0079956055
"2017-11-10 17:23:30.345",0.36419678,-0.74591064,0.1618042
"2017-11-10 17:23:30.389",0.2345581,-0.7670288,0.17120361
"2017-11-10 17:23:30.391",0.17248535,-0.8153076,-0.012817383
"2017-11-10 17:23:30.439",0.17907715,-0.8480835,-0.08404541
"2017-11-10 17:23:30.440",0.25976563,-0.82385254,0.03479004
"2017-11-10 17:23:30.443",0.3388672,-0.7402954,0.17712402
"2017-11-10 17:23:30.486",0.44110107,-0.6813965,0.09307861
"2017-11-10 17:23:30.497",0.3795166,-0.71917725,0.08300781
"2017-11-10 17:23:30.534",0.41851807,-0.6954346,0.030090332
"2017-11-10 17:23:30.537",0.48376465,-0.64819336,0.00390625
"2017-11-10 17:23:30.542",0.52038574,-0.6693115,-0.09338379
"2017-11-10 17:23:30.582",0.45812988,-0.789978,-0.12207031
"2017-11-10 17:23:30.583",0.5199585,-0.7994995,0.07196045
"2017-11-10 17:23:30.631",0.66571045,-0.7696533,0.054870605
"2017-11-10 17:23:30.633",0.5706787,-0.8546753,-0.06829834
"2017-11-10 17:23:30.680",0.29266357,-1.1136475,-0.09301758
"2017-11-10 17:23:30.681",-0.06237793,-1.4729614,0.12750244
"2017-11-10 17:23:30.688",-0.02178955,-1.5670166,0.4630127
"2017-11-10 17:23:30.729",0.52838135,-1.5111084,0.40509033
"2017-11-10 17:23:30.737",0.8736572,-1.6802979,0.2826538
"2017-11-10 17:23:30.779",0.9786377,-1.5648804,0.21520996
"2017-11-10 17:23:30.783",1.0915527,-1.1240845,-0.053527832
"2017-11-10 17:23:30.784",1.0653687,-0.8699341,-0.21783447
"2017-11-10 17:23:30.826",0.8006592,-0.6921387,-0.04071045
"2017-11-10 17:23:30.831",0.79455566,-0.62731934,0.044555664
"2017-11-10 17:23:30.878",0.6949463,-0.7232666,0.215271
"2017-11-10 17:23:30.880",0.5385742,-0.7305908,0.14428711
"2017-11-10 17:23:30.885",0.43151855,-0.6175537,0.10021973
"2017-11-10 17:23:30.925",0.40612793,-0.5593262,0.088256836
"2017-11-10 17:23:30.931",0.3453369,-0.52008057,0.0625
"2017-11-10 17:23:30.973",0.32873535,-0.5609741,0.08642578
"2017-11-10 17:23:30.977",0.2783203,-0.6496582,0.1459961
"2017-11-10 17:23:30.981",0.1942749,-0.82128906,0.1774292
"2017-11-10 17:23:31.023",0.17443848,-0.92248535,0.086120605
"2017-11-10 17:23:31.025",0.22808838,-0.8411255,-0.0072631836
"2017-11-10 17:23:31.072",0.2432251,-0.7758179,0.00793457
"2017-11-10 17:23:31.077",0.22216797,-0.7279663,0.0048217773
"2017-11-10 17:23:31.090",0.30841064,-0.7203369,-0.065979004
"2017-11-10 17:23:31.118",0.33398438,-0.81121826,0.12176514
"2017-11-10 17:23:31.121",0.29034424,-0.8151245,0.2802124
"2017-11-10 17:23:31.172",0.31262207,-0.8098755,0.19714355
"2017-11-10 17:23:31.175",0.2593994,-0.9838867,0.10595703
"2017-11-10 17:23:31.176",0.13983154,-1.1401367,0.11895752
"2017-11-10 17:23:31.215",0.0925293,-1.0675049,0.13330078
"2017-11-10 17:23:31.217",0.16998291,-0.9595947,0.12799072
"2017-11-10 17:23:31.264",0.40356445,-0.822876,0.19891357
"2017-11-10 17:23:31.266",0.6263428,-0.7808838,0.35430908
"2017-11-10 17:23:31.313",0.61224365,-1.015686,0.33087158
"2017-11-10 17:23:31.320",0.68048096,-1.1016846,0.10845947
"2017-11-10 17:23:31.329",0.7124634,-1.0737305,0.37841797
"2017-11-10 17:23:31.363",0.8375244,-1.0401001,0.13549805
"2017-11-10 17:23:31.370",0.84936523,-1.1556396,-0.21038818
"2017-11-10 17:23:31.412",0.81799316,-1.2110596,-0.13336182
"2017-11-10 17:23:31.416",0.72314453,-1.2834473,-0.14501953
"2017-11-10 17:23:31.421",0.71936035,-1.5681152,-0.111816406
"2017-11-10 17:23:31.461",0.6390381,-1.810852,0.29742432
"2017-11-10 17:23:31.465",0.6843262,-0.91833496,0.13873291
"2017-11-10 17:23:31.510",0.5545044,-0.6117554,-0.27581787
"2017-11-10 17:23:31.516",0.37573242,-0.71624756,-0.41271973
"2017-11-10 17:23:31.523",0.58044434,-0.7498169,-0.24572754
"2017-11-10 17:23:31.562",0.7572632,-0.7859497,0.071777344
"2017-11-10 17:23:31.565",0.7060547,-0.77197266,0.18798828
"2017-11-10 17:23:31.606",0.67303467,-0.6135864,0.15252686
"2017-11-10 17:23:31.611",0.63305664,-0.65582275,0.115478516
"2017-11-10 17:23:31.613",0.19036865,-0.8131714,0.09246826
"2017-11-10 17:23:31.655",0.002380371,-0.8395996,0.20532227
"2017-11-10 17:23:31.659",0.2546997,-0.8071289,-0.25250244
"2017-11-10 17:23:31.703",0.25958252,-0.9219971,-0.33911133
"2017-11-10 17:23:31.707",0.28027344,-0.9194336,0.21740723
"2017-11-10 17:23:31.712",0.44244385,-0.8013916,0.07720947
"2017-11-10 17:23:31.753",0.33843994,-0.7844238,-0.18139648
"2017-11-10 17:23:31.756",0.17370605,-0.82421875,-0.09753418
"2017-11-10 17:23:31.802",0.4126587,-0.75671387,-0.10369873
"2017-11-10 17:23:31.812",0.5586548,-0.7244873,-0.13824463
"2017-11-10 17:23:31.816",0.54937744,-0.7010498,-0.0115356445
"2017-11-10 17:23:31.898",0.6118164,-0.6835327,0.04083252
"2017-11-10 17:23:31.902",0.70458984,-0.71813965,-0.021606445
"2017-11-10 17:23:31.909",0.5453491,-0.81951904,-0.059692383
"2017-11-10 17:23:31.910",0.27355957,-1.0552368,-0.095458984
"2017-11-10 17:23:31.911",0.020385742,-1.2870483,0.14202881
"2017-11-10 17:23:31.946",0.1550293,-1.2903442,0.23583984
"2017-11-10 17:23:31.950",0.399292,-1.2128906,0.28222656
"2017-11-10 17:23:31.997",0.60040283,-1.4129639,0.31658936
"2017-11-10 17:23:32.000",0.8427124,-1.7542114,0.2562256
"2017-11-10 17:23:32.047",1.006897,-1.5630493,0.21270752
"2017-11-10 17:23:32.053",0.9901123,-1.0775146,-0.037719727
"2017-11-10 17:23:32.057",0.87664795,-0.9038696,-0.16949463
"2017-11-10 17:23:32.093",0.7538452,-0.8258667,-0.0692749
"2017-11-10 17:23:32.094",0.725647,-0.69836426,-0.033935547
"2017-11-10 17:23:32.145",0.59710693,-0.7648926,0.15490723
"2017-11-10 17:23:32.146",0.5027466,-0.7237549,0.13116455
"2017-11-10 17:23:32.149",0.44348145,-0.5944214,0.0637207
"2017-11-10 17:23:32.191",0.4307251,-0.55926514,0.051940918
"2017-11-10 17:23:32.243",0.3737793,-0.5527954,0.06896973
"2017-11-10 17:23:32.247",0.3213501,-0.5723877,0.0859375
"2017-11-10 17:23:32.251",0.29608154,-0.63513184,0.16363525
"2017-11-10 17:23:32.253",0.23266602,-0.75598145,0.19647217
"2017-11-10 17:23:32.291",0.1862793,-0.85357666,0.064575195
"2017-11-10 17:23:32.292",0.19030762,-0.7810669,-0.07977295
"2017-11-10 17:23:32.338",0.21826172,-0.74975586,-0.10021973
"2017-11-10 17:23:32.388",0.22991943,-0.8163452,-0.043701172
"2017-11-10 17:23:32.394",0.27020264,-0.8817749,0.0021972656
"2017-11-10 17:23:32.395",0.35302734,-0.91241455,0.11248779
"2017-11-10 17:23:32.397",0.26989746,-0.9432373,0.29260254
"2017-11-10 17:23:32.434",0.17687988,-0.89733887,0.25457764
"2017-11-10 17:23:32.439",0.2166748,-0.6582031,0.2852173
"2017-11-10 17:23:32.441",0.2029419,-0.64416504,0.26483154
"2017-11-10 17:23:32.486",0.1138916,-0.79663086,0.09820557
"2017-11-10 17:23:32.488",0.11810303,-0.8372803,0.13476563
"2017-11-10 17:23:32.534",0.20812988,-0.87353516,0.1437378
"2017-11-10 17:23:32.537",0.45947266,-1.1367798,0.1786499
"2017-11-10 17:23:32.581",0.62402344,-1.623291,0.19714355
"2017-11-10 17:23:32.582",1.0178833,-1.6204834,0.4727173
"2017-11-10 17:23:32.592",0.75231934,-1.291748,0.62890625
"2017-11-10 17:23:32.631",0.93859863,-0.9564209,0.026245117
"2017-11-10 17:23:32.636",1.064209,-0.89367676,-0.18988037
"2017-11-10 17:23:32.679",0.6795044,-1.118042,-0.07757568
"2017-11-10 17:23:32.682",0.6310425,-1.2189941,-0.1585083
"2017-11-10 17:23:32.686",0.6201172,-1.230957,-0.14691162
"2017-11-10 17:23:32.728",0.6326904,-1.0105591,-0.07458496
"2017-11-10 17:23:32.734",0.56500244,-0.77178955,-0.10571289
"2017-11-10 17:23:32.780",0.4414673,-0.6639404,-0.061157227
"2017-11-10 17:23:32.784",0.4784546,-0.7885742,-0.051879883
"2017-11-10 17:23:32.787",0.79089355,-1.1780396,-0.02508545
"2017-11-10 17:23:32.824",0.8045044,-1.1832275,0.0970459
"2017-11-10 17:23:32.829",0.42193604,-0.7352295,0.17340088
"2017-11-10 17:23:32.873",0.18566895,-0.6248779,0.3696289
"2017-11-10 17:23:32.878",0.05682373,-0.81481934,0.22387695
"2017-11-10 17:23:32.879",0.27435303,-0.7141113,-0.22094727
"2017-11-10 17:23:32.924",0.25958252,-0.7715454,-0.32263184
"2017-11-10 17:23:32.926",-0.044799805,-0.9908447,-0.21917725
"2017-11-10 17:23:32.971",-0.050720215,-0.8696289,0.35992432
"2017-11-10 17:23:32.975",0.5984497,-0.5634155,0.058898926
"2017-11-10 17:23:32.981",0.70788574,-0.54504395,-0.04937744
"2017-11-10 17:23:33.019",0.5739746,-0.657959,0.010925293
"2017-11-10 17:23:33.068",0.43164063,-0.8040161,-0.11566162
"2017-11-10 17:23:33.081",0.39898682,-0.9574585,-0.18310547
"2017-11-10 17:23:33.083",0.45129395,-0.96502686,-0.089782715
"2017-11-10 17:23:33.084",0.4500122,-0.8626709,-0.0067749023
"2017-11-10 17:23:33.116",0.2131958,-1.0680542,-0.045837402
"2017-11-10 17:23:33.118",-0.0076293945,-1.4788208,0.06335449
"2017-11-10 17:23:33.165",0.046081543,-1.5247803,0.2695923
"2017-11-10 17:23:33.167",0.39642334,-1.4050293,0.39215088
"2017-11-10 17:23:33.214",0.76916504,-1.590332,0.31762695
"2017-11-10 17:23:33.217",0.9692383,-1.604187,0.2555542
"2017-11-10 17:23:33.221",1.1466064,-1.2390747,0.0020141602
"2017-11-10 17:23:33.262",1.0806274,-0.8834839,-0.103149414
"2017-11-10 17:23:33.267",0.92285156,-0.6633911,-0.061828613
"2017-11-10 17:23:33.311",0.7182007,-0.6126709,0.030761719
"2017-11-10 17:23:33.317",0.58935547,-0.79034424,0.036132813
"2017-11-10 17:23:33.318",0.4598999,-0.8275757,0.07543945
"2017-11-10 17:23:33.361",0.45080566,-0.7583008,0.082092285
"2017-11-10 17:23:33.368",0.44195557,-0.65356445,0.010803223
"2017-11-10 17:23:33.457",0.35906982,-0.65148926,0.111572266
"2017-11-10 17:23:33.463",0.34069824,-0.6500244,0.15057373
"2017-11-10 17:23:33.466",0.28131104,-0.699646,0.14001465
"2017-11-10 17:23:33.467",0.24108887,-0.7492676,0.09210205
"2017-11-10 17:23:33.469",0.24871826,-0.73913574,0.05682373
"2017-11-10 17:23:33.510",0.29992676,-0.6810913,0.020874023
"2017-11-10 17:23:33.513",0.36730957,-0.6385498,0.06390381
"2017-11-10 17:23:33.515",0.29187012,-0.6812134,0.11218262
"2017-11-10 17:23:33.555",0.16082764,-0.807312,-0.009887695
"2017-11-10 17:23:33.559",0.19470215,-0.89697266,-0.05114746
"2017-11-10 17:23:33.606",0.18218994,-0.94329834,0.02758789
"2017-11-10 17:23:33.610",0.13677979,-1.0668945,0.119140625
"2017-11-10 17:23:33.621",0.1486206,-1.0420532,0.21228027
"2017-11-10 17:23:33.655",0.34332275,-0.84924316,0.18115234
"2017-11-10 17:23:33.657",0.26678467,-0.8988037,0.23858643
"2017-11-10 17:23:33.703",0.14593506,-0.8701782,0.21081543
"2017-11-10 17:23:33.710",0.25598145,-0.78289795,0.040100098
"2017-11-10 17:23:33.714",0.38171387,-0.82141113,0.2677002
"2017-11-10 17:23:33.752",0.41522217,-1.1345215,0.43395996
"2017-11-10 17:23:33.754",0.5805054,-1.2918701,0.09979248
"2017-11-10 17:23:33.801",0.8991699,-1.2833252,-0.062561035
"2017-11-10 17:23:33.802",0.83306885,-1.151062,0.35369873
"2017-11-10 17:23:33.850",0.76782227,-1.0119019,0.28930664
"2017-11-10 17:23:33.852",0.774292,-1.0598755,-0.024475098
"2017-11-10 17:23:33.859",0.75183105,-1.2128906,-0.059753418
"2017-11-10 17:23:33.899",0.72631836,-1.3256836,-5.493164E-4
"2017-11-10 17:23:33.902",0.65722656,-1.1118774,-0.0368042
"2017-11-10 17:23:33.947",0.6043701,-0.8696289,-0.21533203
"2017-11-10 17:23:33.950",0.66674805,-0.7984619,-0.25439453
"2017-11-10 17:23:33.951",0.8286743,-1.067749,-0.11254883
"2017-11-10 17:23:33.996",0.7503662,-1.2282715,-0.028259277
"2017-11-10 17:23:33.998",0.40795898,-0.8937988,-0.07684326
"2017-11-10 17:23:34.061",0.31402588,-0.76171875,-0.14819336
"2017-11-10 17:23:34.062",0.41223145,-0.78100586,-0.12817383
"2017-11-10 17:23:34.079",0.45947266,-0.7623291,-0.042419434
"2017-11-10 17:23:34.091",0.43603516,-0.85491943,0.055480957
"2017-11-10 17:23:34.099",0.2321167,-1.0210571,0.28912354
"2017-11-10 17:23:34.142",0.25567627,-0.9573364,0.27819824
"2017-11-10 17:23:34.146",0.5214844,-0.8102417,-0.08013916
"2017-11-10 17:23:34.147",0.40393066,-0.85510254,-0.056274414
"2017-11-10 17:23:34.190",0.3355713,-0.84490967,-0.075927734
"2017-11-10 17:23:34.191",0.22711182,-0.8876953,-0.14672852
"2017-11-10 17:23:34.240",0.049072266,-0.9836426,-0.21905518
"2017-11-10 17:23:34.247",0.2816162,-0.8255615,-0.03778076
"2017-11-10 17:23:34.253",0.42767334,-0.70965576,0.25109863
"2017-11-10 17:23:34.289",0.6265259,-0.670166,-0.09918213
"2017-11-10 17:23:34.292",0.5023804,-0.79125977,-0.013183594
"2017-11-10 17:23:34.337",0.4716797,-0.8116455,-0.05267334
"2017-11-10 17:23:34.387",0.4668579,-0.8186035,-0.14147949
"2017-11-10 17:23:34.392",0.3781128,-0.8734741,-0.076538086
"2017-11-10 17:23:34.403",0.43041992,-0.81689453,0.015930176
"2017-11-10 17:23:34.409",0.5389404,-0.71691895,0.004638672
"2017-11-10 17:23:34.433",0.44726563,-0.77020264,0.037719727
"2017-11-10 17:23:34.434",0.2541504,-0.9772339,0.0068359375
"2017-11-10 17:23:34.482",0.124694824,-1.123352,-0.07196045
"2017-11-10 17:23:34.486",0.018615723,-1.2419434,0.0078125
"2017-11-10 17:23:34.491",0.06427002,-1.3601685,0.18475342
"2017-11-10 17:23:34.533",0.29925537,-1.5439453,0.28686523
"2017-11-10 17:23:34.554",0.64953613,-1.6956177,0.22131348
"2017-11-10 17:23:34.590",0.8624878,-1.4924316,0.11401367
"2017-11-10 17:23:34.592",0.9382324,-1.0366211,6.1035156E-4
"2017-11-10 17:23:34.593",0.9490967,-0.6293335,-0.06585693
"2017-11-10 17:23:34.629",0.77612305,-0.57855225,-0.14300537
"2017-11-10 17:23:34.630",0.58929443,-0.8607788,-0.012023926
"2017-11-10 17:23:34.677",0.5007324,-1.015686,0.18945313
"2017-11-10 17:23:34.681",0.55804443,-0.8522949,0.12786865
"2017-11-10 17:23:34.683",0.56726074,-0.7677002,0.0826416
"2017-11-10 17:23:34.728",0.49993896,-0.77404785,0.13348389
"2017-11-10 17:23:34.731",0.42285156,-0.78289795,0.17181396
"2017-11-10 17:23:34.775",0.3577881,-0.8078613,0.24066162
"2017-11-10 17:23:34.778",0.31427002,-0.82562256,0.2720337
"2017-11-10 17:23:34.782",0.29193115,-0.8430176,0.25048828
"2017-11-10 17:23:34.827",0.23339844,-0.91748047,0.1940918
"2017-11-10 17:23:34.832",0.20391846,-0.9748535,0.1921997
"2017-11-10 17:23:34.873",0.25476074,-1.0112915,0.19024658
"2017-11-10 17:23:34.874",0.3234253,-0.93548584,0.20196533
"2017-11-10 17:23:34.881",0.2925415,-0.9649658,0.28302002
"2017-11-10 17:23:34.923",0.26000977,-1.0140381,0.29223633
"2017-11-10 17:23:34.926",0.26409912,-1.0100098,0.27825928
"2017-11-10 17:23:34.972",0.256958,-0.9891968,0.27722168
"2017-11-10 17:23:34.975",0.20825195,-0.95355225,0.23364258
"2017-11-10 17:23:35.021",0.15948486,-0.902771,0.20428467
"2017-11-10 17:23:35.030",0.14337158,-0.8823242,0.13549805
"2017-11-10 17:23:35.035",0.17907715,-0.8638916,0.042907715
"2017-11-10 17:23:35.067",0.22772217,-0.8535156,0.026306152
"2017-11-10 17:23:35.068",0.26733398,-0.8123779,0.06829834
"2017-11-10 17:23:35.116",0.25506592,-0.79504395,0.1027832
"2017-11-10 17:23:35.118",0.21057129,-0.7922363,0.11999512
"2017-11-10 17:23:35.123",0.18676758,-0.7821655,0.12652588
"2017-11-10 17:23:35.166",0.20629883,-0.7874756,0.14154053
"2017-11-10 17:23:35.169",0.2390747,-0.819397,0.1618042
"2017-11-10 17:23:35.213",0.25012207,-0.8220215,0.15515137
"2017-11-10 17:23:35.221",0.24945068,-0.8024292,0.15216064
"2017-11-10 17:23:35.224",0.29022217,-0.80511475,0.14501953
"2017-11-10 17:23:35.263",0.3395996,-0.8110962,0.11987305
"2017-11-10 17:23:35.267",0.442688,-0.9003906,0.07879639
"2017-11-10 17:23:35.312",0.5559082,-1.2802124,0.005126953
"2017-11-10 17:23:35.318",0.59588623,-1.5682373,-0.0018920898
"2017-11-10 17:23:35.328",0.8634033,-1.3826294,0.03869629
"2017-11-10 17:23:35.361",1.2069092,-0.94573975,0.30932617
"2017-11-10 17:23:35.367",1.0734863,-0.8147583,0.3274536
"2017-11-10 17:23:35.409",0.6447754,-0.98132324,0.0119018555
"2017-11-10 17:23:35.461",0.46600342,-1.0617065,-0.04510498
"2017-11-10 17:23:35.462",0.6732788,-1.0165405,-0.14892578
"2017-11-10 17:23:35.468",0.80218506,-1.017456,-0.2454834
"2017-11-10 17:23:35.470",0.9543457,-0.9074707,-0.11199951
"2017-11-10 17:23:35.506",1.0291138,-0.7647705,0.06915283
"2017-11-10 17:23:35.511",0.85894775,-0.7988281,0.08331299
"2017-11-10 17:23:35.513",0.67718506,-0.88201904,-0.099975586
"2017-11-10 17:23:35.554",0.583313,-0.88513184,-0.2074585
"2017-11-10 17:23:35.559",0.4883423,-0.86242676,-0.11047363
"2017-11-10 17:23:35.603",0.39178467,-0.8510132,-0.034240723
"2017-11-10 17:23:35.609",0.331604,-0.79211426,-0.08673096
"2017-11-10 17:23:35.610",0.31518555,-0.8052368,-0.121154785
"2017-11-10 17:23:35.653",0.41229248,-0.76812744,-0.034973145
"2017-11-10 17:23:35.654",0.49761963,-0.7127075,0.036621094
"2017-11-10 17:23:35.702",0.50250244,-0.73931885,0.053771973
"2017-11-10 17:23:35.708",0.49786377,-0.8023071,0.055541992
"2017-11-10 17:23:35.751",0.5042114,-0.8867798,0.023925781
"2017-11-10 17:23:35.753",0.49987793,-0.9605713,-0.031555176
"2017-11-10 17:23:35.758",0.49194336,-1.00177,-0.047973633
"2017-11-10 17:23:35.801",0.4888916,-1.0118408,-0.0095825195
"2017-11-10 17:23:35.809",0.46136475,-1.0060425,0.06689453
"2017-11-10 17:23:35.850",0.3834839,-1.0133057,0.14923096
"2017-11-10 17:23:35.856",0.34747314,-1.0060425,0.2033081
"2017-11-10 17:23:35.857",0.32818604,-1.0407715,0.18029785
"2017-11-10 17:23:35.895",0.39978027,-1.2544556,0.13330078
"2017-11-10 17:23:35.896",0.536499,-1.3600464,0.115112305
"2017-11-10 17:23:35.943",0.4616089,-1.2594604,-0.13079834
"2017-11-10 17:23:35.946",0.57421875,-1.0058594,-0.12695313
"2017-11-10 17:23:35.948",0.6870117,-0.7782593,0.2927246
"2017-11-10 17:23:35.993",0.6721802,-0.71417236,0.28503418
"2017-11-10 17:23:35.998",0.7404175,-0.6885376,0.11578369
"2017-11-10 17:23:36.041",0.7177124,-0.77978516,0.010559082
"2017-11-10 17:23:36.046",0.6658325,-0.87597656,-0.07336426
"2017-11-10 17:23:36.049",0.6883545,-0.9605713,-0.04901123
"2017-11-10 17:23:36.090",0.5854492,-1.083374,0.12567139
"2017-11-10 17:23:36.093",0.08807373,-1.350769,0.8643799
"2017-11-10 17:23:36.139",0.8043823,-0.8548584,-0.052001953
"2017-11-10 17:23:36.142",0.80444336,-0.6884155,0.105895996
"2017-11-10 17:23:36.143",0.5924072,-0.70654297,-0.07385254
"2017-11-10 17:23:36.189",0.41345215,-0.73413086,0.04321289
"2017-11-10 17:23:36.192",0.4935913,-0.75756836,0.11254883
"2017-11-10 17:23:36.289",0.50476074,-0.75457764,0.034423828
"2017-11-10 17:23:36.293",0.47491455,-0.7336426,0.076049805
"2017-11-10 17:23:36.296",0.4309082,-0.8223877,0.12921143
"2017-11-10 17:23:36.301",0.38671875,-0.8760376,0.16845703
"2017-11-10 17:23:36.302",0.3690796,-0.8232422,0.1774292
"2017-11-10 17:23:36.337",0.37561035,-0.79766846,0.09039307
"2017-11-10 17:23:36.338",0.40808105,-0.81988525,0.0032958984
"2017-11-10 17:23:36.384",0.36895752,-0.8538208,0.06463623
"2017-11-10 17:23:36.388",0.34313965,-0.89575195,0.05883789
"2017-11-10 17:23:36.392",0.3173828,-0.96606445,0.04156494
"2017-11-10 17:23:36.434",0.29656982,-0.99694824,0.107177734
"2017-11-10 17:23:36.442",0.30755615,-0.970459,0.19091797
"2017-11-10 17:23:36.484",0.29718018,-0.92059326,0.21429443
"2017-11-10 17:23:36.487",0.27349854,-0.92907715,0.16186523
"2017-11-10 17:23:36.490",0.2453003,-0.9295044,0.10681152
"2017-11-10 17:23:36.531",0.24517822,-0.89245605,0.06048584
"2017-11-10 17:23:36.533",0.26293945,-0.85894775,0.01928711
"2017-11-10 17:23:36.580",0.2962036,-0.8473511,-0.017089844
"2017-11-10 17:23:36.582",0.34851074,-0.8399658,-0.029724121
"2017-11-10 17:23:36.586",0.40026855,-0.8218384,-0.011108398
"2017-11-10 17:23:36.627",0.42889404,-0.80841064,0.016906738
"2017-11-10 17:23:36.633",0.47491455,-0.8363037,0.052734375
"2017-11-10 17:23:36.677",0.6894531,-1.0444946,0.1473999
"2017-11-10 17:23:36.683",0.7079468,-1.3254395,0.39996338
"2017-11-10 17:23:36.685",0.46594238,-1.3905029,0.36517334
"2017-11-10 17:23:36.727",0.40405273,-1.5852051,0.087768555
"2017-11-10 17:23:36.729",0.3116455,-1.1843872,-0.11608887
"2017-11-10 17:23:36.774",0.56140137,-0.5517578,-0.036621094
"2017-11-10 17:23:36.776",0.55511475,-0.51257324,0.15905762
"2017-11-10 17:23:36.779",0.44555664,-0.67889404,0.26330566
"2017-11-10 17:23:36.823",0.40997314,-0.82788086,0.19580078
"2017-11-10 17:23:36.830",0.41900635,-0.91674805,0.1340332
"2017-11-10 17:23:36.872",0.44995117,-0.9654541,0.07165527
"2017-11-10 17:23:36.876",0.465271,-0.99871826,-0.038330078
"2017-11-10 17:23:36.878",0.49224854,-0.9169922,0.03112793
"2017-11-10 17:23:36.919",0.45141602,-0.850647,0.107543945
"2017-11-10 17:23:36.920",0.44714355,-0.84814453,0.0357666
"2017-11-10 17:23:36.970",0.49066162,-0.86846924,-0.038208008
"2017-11-10 17:23:36.971",0.51849365,-0.8773804,-0.023925781
"2017-11-10 17:23:37.017",0.5288086,-0.87835693,0.04144287
"2017-11-10 17:23:37.034",0.56170654,-0.8586426,0.042236328
"2017-11-10 17:23:37.036",0.5782471,-0.8296509,-0.041015625
"2017-11-10 17:23:37.065",0.5780029,-0.807312,-0.08770752
"2017-11-10 17:23:37.070",0.60913086,-0.7836304,-0.084350586
"2017-11-10 17:23:37.114",0.62249756,-0.79315186,-0.077819824
"2017-11-10 17:23:37.122",0.5897217,-0.85931396,-0.064086914
"2017-11-10 17:23:37.128",0.5852051,-0.9078369,-0.046142578
"2017-11-10 17:23:37.162",0.6107178,-0.89282227,-0.026977539
"2017-11-10 17:23:37.165",0.5854492,-0.87677,-0.01550293
"2017-11-10 17:23:37.211",0.55474854,-0.8789673,0.016235352
"2017-11-10 17:23:37.213",0.55548096,-0.86846924,0.05340576
"2017-11-10 17:23:37.218",0.52697754,-0.8665161,0.07720947
"2017-11-10 17:23:37.262",0.4991455,-0.87402344,0.09326172
"2017-11-10 17:23:37.266",0.4960327,-0.88287354,0.068725586
"2017-11-10 17:23:37.312",0.49713135,-0.90301514,0.032165527
"2017-11-10 17:23:37.315",0.5101929,-0.8927002,0.02331543
"2017-11-10 17:23:37.317",0.5186157,-0.8903198,0.04650879
"2017-11-10 17:23:37.360",0.5090332,-0.9160156,0.057617188
"2017-11-10 17:23:37.363",0.5065918,-0.9258423,0.052490234
"2017-11-10 17:23:37.409",0.53082275,-0.9145508,0.045654297
"2017-11-10 17:23:37.411",0.5467529,-0.9012451,0.05279541
"2017-11-10 17:23:37.415",0.53674316,-0.89764404,0.05908203
"2017-11-10 17:23:37.455",0.53118896,-0.90856934,0.04638672
"2017-11-10 17:23:37.459",0.5401001,-0.90148926,0.041015625
"2017-11-10 17:23:37.506",0.5372925,-0.8829346,0.04260254
"2017-11-10 17:23:37.516",0.5333252,-0.87335205,0.046325684
"2017-11-10 17:23:37.518",0.5319214,-0.87542725,0.048217773
"2017-11-10 17:23:37.553",0.524292,-0.87091064,0.047851563
"2017-11-10 17:23:37.556",0.5165405,-0.8734131,0.05316162
"2017-11-10 17:23:37.603",0.5237427,-0.89123535,0.04852295
"2017-11-10 17:23:37.609",0.55200195,-0.8944092,6.1035156E-4
"2017-11-10 17:23:37.619",0.5842285,-0.87109375,-0.057006836
"2017-11-10 17:23:37.651",0.6032715,-0.82769775,-0.09100342
"2017-11-10 17:23:37.653",0.59680176,-0.7993164,-0.09466553
"2017-11-10 17:23:37.701",0.5847168,-0.79571533,-0.07281494
"2017-11-10 17:23:37.703",0.5888672,-0.80340576,-0.01574707
"2017-11-10 17:23:37.749",0.6143799,-0.81799316,0.06365967
"2017-11-10 17:23:37.752",0.62561035,-0.8364868,0.10772705
"2017-11-10 17:23:37.758",0.59454346,-0.880249,0.08526611
"2017-11-10 17:23:37.798",0.5645752,-0.8977661,0.021850586
"2017-11-10 17:23:37.802",0.5435791,-0.8807373,-0.038146973
"2017-11-10 17:23:37.846",0.52282715,-0.8658447,-0.052124023
"2017-11-10 17:23:37.854",0.5283203,-0.8515625,-0.031433105
"2017-11-10 17:23:37.857",0.545105,-0.8557739,0.013549805
"2017-11-10 17:23:37.896",0.5397949,-0.8777466,0.042297363
"2017-11-10 17:23:37.901",0.52441406,-0.883667,0.035339355
"2017-11-10 17:23:37.944",0.51953125,-0.8762207,0.018676758
"2017-11-10 17:23:37.950",0.51885986,-0.87890625,-0.012329102
"2017-11-10 17:23:37.953",0.5098877,-0.88830566,-0.055786133
"2017-11-10 17:23:37.995",0.5126953,-0.89624023,-0.06964111
"2017-11-10 17:23:37.997",0.5289917,-0.88671875,-0.059265137
"2017-11-10 17:23:38.041",0.52679443,-0.8810425,-0.047058105
"2017-11-10 17:23:38.042",0.5114136,-0.8927002,-0.03265381
"2017-11-10 17:23:38.046",0.5072632,-0.8920288,-0.021850586
"2017-11-10 17:23:38.096",0.5108032,-0.88482666,-0.0038452148
"2017-11-10 17:23:38.103",0.51208496,-0.8843384,0.013244629
"2017-11-10 17:23:38.188",0.52667236,-0.880188,0.010009766
"2017-11-10 17:23:38.192",0.53393555,-0.8803711,-0.0068969727
"2017-11-10 17:23:38.195",0.5249634,-0.8828125,-0.028869629
"2017-11-10 17:23:38.198",0.51971436,-0.8817749,-0.03729248
"2017-11-10 17:23:38.199",0.5161133,-0.8814087,-0.02758789
"2017-11-10 17:23:38.238",0.5147705,-0.88690186,-0.00982666
"2017-11-10 17:23:38.240",0.51849365,-0.8859863,0.007019043
"2017-11-10 17:23:38.242",0.526001,-0.88061523,0.010803223
"2017-11-10 17:23:38.287",0.539978,-0.8743286,6.1035156E-5
"2017-11-10 17:23:38.290",0.5513916,-0.86712646,-0.012817383
"2017-11-10 17:23:38.339",0.54504395,-0.86968994,-0.01928711
"2017-11-10 17:23:38.347",0.5366211,-0.87854004,-0.019714355
"2017-11-10 17:23:38.383",0.5418091,-0.8734131,-0.009155273
"2017-11-10 17:23:38.438",0.5443115,-0.8751831,-0.0033569336
"2017-11-10 17:23:38.441",0.5331421,-0.880188,-0.003540039
"2017-11-10 17:23:38.444",0.5280762,-0.8823242,-0.0071411133
"2017-11-10 17:23:38.445",0.529541,-0.87835693,-0.00793457
"2017-11-10 17:23:38.481",0.52734375,-0.87890625,-0.013244629
"2017-11-10 17:23:38.484",0.53253174,-0.8795166,-0.022033691
"2017-11-10 17:23:38.498",0.54174805,-0.8746948,-0.017822266
"2017-11-10 17:23:38.528",0.54016113,-0.873291,-0.011962891
"2017-11-10 17:23:38.537",0.53845215,-0.87805176,-0.004699707
"2017-11-10 17:23:38.579",0.541687,-0.87158203,-0.002319336
"2017-11-10 17:23:38.584",0.54467773,-0.8718262,-0.0021362305
"2017-11-10 17:23:38.586",0.5439453,-0.8744507,-0.0048828125
"2017-11-10 17:23:38.625",0.548584,-0.869751,-0.012390137
"2017-11-10 17:23:38.629",0.55352783,-0.86553955,-0.010925293
"2017-11-10 17:23:38.674",0.5518799,-0.8679199,-0.0048217773
"2017-11-10 17:23:38.676",0.5469971,-0.8727417,0.0014648438
"2017-11-10 17:23:38.679",0.54803467,-0.8726196,0.0020141602
"2017-11-10 17:23:38.752",0.54956055,-0.8722534,0.0015869141
"2017-11-10 17:23:38.754",0.5460205,-0.8717041,7.324219E-4
"2017-11-10 17:23:38.782",0.5340576,-0.87835693,0.0028686523
"2017-11-10 17:23:38.808",0.5345459,-0.87524414,0.0020141602
"2017-11-10 17:23:38.809",0.5348511,-0.8734131,-0.004699707
"2017-11-10 17:23:38.820",0.52545166,-0.8796997,-0.00793457
"2017-11-10 17:23:38.822",0.5256958,-0.8833618,-0.009033203
"2017-11-10 17:23:38.870",0.52734375,-0.8825073,-0.006164551
"2017-11-10 17:23:38.873",0.52648926,-0.88098145,-0.0052490234
"2017-11-10 17:23:38.878",0.527771,-0.87994385,-0.009887695
"2017-11-10 17:23:38.919",0.5333252,-0.87713623,-0.012878418
"2017-11-10 17:23:38.921",0.53533936,-0.8759155,-0.007873535
"2017-11-10 17:23:38.967",0.53985596,-0.87390137,-0.0029296875
"2017-11-10 17:23:38.971",0.54296875,-0.87493896,-9.1552734E-4
"2017-11-10 17:23:39.067",0.54248047,-0.87280273,-0.0021972656
"2017-11-10 17:23:39.075",0.54571533,-0.871521,0.002746582
"2017-11-10 17:23:39.076",0.54852295,-0.8706665,0.0034179688
"2017-11-10 17:23:39.078",0.548645,-0.8701782,0.0012207031
"2017-11-10 17:23:39.079",0.5447998,-0.86950684,0.0010986328
"2017-11-10 17:23:39.113",0.54455566,-0.8707886,0.0025024414
"2017-11-10 17:23:39.115",0.54571533,-0.8718262,0.009094238
"2017-11-10 17:23:39.118",0.54577637,-0.8694458,0.015014648
"2017-11-10 17:23:39.163",0.5473633,-0.86834717,0.014892578
"2017-11-10 17:23:39.167",0.54559326,-0.8709717,0.014282227
"2017-11-10 17:23:39.215",0.5413208,-0.8704834,0.010070801
"2017-11-10 17:23:39.220",0.5456543,-0.8684082,0.006713867
"2017-11-10 17:23:39.222",0.54711914,-0.8707886,0.005004883
"2017-11-10 17:23:39.260",0.5394287,-0.87390137,0.0010986328
"2017-11-10 17:23:39.262",0.54016113,-0.8718872,0.0022583008
"2017-11-10 17:23:39.360",0.54211426,-0.8694458,0.0043945313
"2017-11-10 17:23:39.369",0.54089355,-0.87213135,0.010375977
"2017-11-10 17:23:39.373",0.54052734,-0.8689575,0.013977051
"2017-11-10 17:23:39.375",0.55023193,-0.86517334,0.014953613
"2017-11-10 17:23:39.380",0.5526123,-0.8647461,0.015136719
"2017-11-10 17:23:39.409",0.5463257,-0.8682251,0.014587402
"2017-11-10 17:23:39.412",0.5420532,-0.8708496,0.016235352
"2017-11-10 17:23:39.413",0.541626,-0.8745117,0.019042969
"2017-11-10 17:23:39.455",0.53863525,-0.8744507,0.021728516
"2017-11-10 17:23:39.456",0.538147,-0.8692627,0.022094727
"2017-11-10 17:23:39.504",0.53582764,-0.8679199,0.022583008
"2017-11-10 17:23:39.505",0.53790283,-0.87176514,0.016906738
"2017-11-10 17:23:39.508",0.5408325,-0.875,0.016784668
"2017-11-10 17:23:39.552",0.5428467,-0.8746338,0.017700195
"2017-11-10 17:23:39.554",0.5428467,-0.87023926,0.018859863
"2017-11-10 17:23:39.601",0.54455566,-0.8688965,0.019042969
"2017-11-10 17:23:39.651",0.5444946,-0.8703613,0.020202637
"2017-11-10 17:23:39.652",0.54608154,-0.86938477,0.021728516
"2017-11-10 17:23:39.656",0.546875,-0.86712646,0.02319336
"2017-11-10 17:23:39.657",0.55181885,-0.8682251,0.024291992
"2017-11-10 17:23:39.699",0.55596924,-0.86608887,0.023986816
"2017-11-10 17:23:39.709",0.5620117,-0.86395264,0.023132324
"2017-11-10 17:23:39.749",0.5615845,-0.8607178,0.022216797
"2017-11-10 17:23:39.753",0.552124,-0.86260986,0.024108887
"2017-11-10 17:23:39.756",0.54333496,-0.86553955,0.024230957
"2017-11-10 17:23:39.797",0.5444336,-0.8676758,0.028808594
"2017-11-10 17:23:39.801",0.5474243,-0.86621094,0.03515625
"2017-11-10 17:23:39.848",0.5482788,-0.8635254,0.03704834
"2017-11-10 17:23:39.855",0.5493164,-0.8640137,0.028564453
"2017-11-10 17:23:39.856",0.5489502,-0.86486816,0.027282715
"2017-11-10 17:23:39.893",0.552124,-0.8664551,0.028076172
"2017-11-10 17:23:39.894",0.55474854,-0.86450195,0.033691406
"2017-11-10 17:23:39.943",0.5549927,-0.8626709,0.0423584
"2017-11-10 17:23:39.944",0.55407715,-0.8637085,0.04296875
"2017-11-10 17:23:39.946",0.55651855,-0.86346436,0.038513184
"2017-11-10 17:23:39.992",0.5609741,-0.85931396,0.03717041
"2017-11-10 17:23:39.996",0.5628052,-0.86047363,0.035583496
"2017-11-10 17:23:40.042",0.56140137,-0.8626709,0.034973145
"2017-11-10 17:23:40.047",0.5586548,-0.8604126,0.0345459
"2017-11-10 17:23:40.050",0.5586548,-0.86206055,0.034973145
"2017-11-10 17:23:40.089",0.5548096,-0.86413574,0.035339355
"2017-11-10 17:23:40.090",0.5529175,-0.8609619,0.037719727
"2017-11-10 17:23:40.136",0.55078125,-0.86517334,0.03918457
"2017-11-10 17:23:40.139",0.5462036,-0.8706665,0.036865234
"2017-11-10 17:23:40.141",0.54815674,-0.86676025,0.036376953
"2017-11-10 17:23:40.186",0.54626465,-0.862854,0.03564453
"2017-11-10 17:23:40.190",0.5460205,-0.86608887,0.03857422
"2017-11-10 17:23:40.235",0.5472412,-0.8673706,0.04107666
"2017-11-10 17:23:40.236",0.54797363,-0.8673096,0.043273926
"2017-11-10 17:23:40.284",0.55010986,-0.86309814,0.043151855
"2017-11-10 17:23:40.286",0.54663086,-0.864624,0.038513184
"2017-11-10 17:23:40.287",0.5469971,-0.86621094,0.034729004
"2017-11-10 17:23:40.338",0.55352783,-0.8631592,0.039367676
"2017-11-10 17:23:40.339",0.5541382,-0.86083984,0.04949951
"2017-11-10 17:23:40.384",0.54919434,-0.8623657,0.051513672
"2017-11-10 17:23:40.389",0.55023193,-0.8640747,0.045837402
"2017-11-10 17:23:40.394",0.55236816,-0.8633423,0.045837402
"2017-11-10 17:23:40.431",0.5517578,-0.8625488,0.047302246
"2017-11-10 17:23:40.438",0.5466919,-0.86505127,0.047302246
"2017-11-10 17:23:40.479",0.54382324,-0.86743164,0.04876709
"2017-11-10 17:23:40.486",0.54571533,-0.8668823,0.04876709
"2017-11-10 17:23:40.487",0.54663086,-0.8652344,0.052246094
"2017-11-10 17:23:40.527",0.5482788,-0.8651123,0.053649902
"2017-11-10 17:23:40.530",0.5499878,-0.8649292,0.05328369
"2017-11-10 17:23:40.581",0.5545044,-0.8607788,0.052734375
"2017-11-10 17:23:40.582",0.55529785,-0.8588257,0.05657959
"2017-11-10 17:23:40.587",0.5522461,-0.8587036,0.054138184
"2017-11-10 17:23:40.625",0.5519409,-0.8602905,0.05218506
"2017-11-10 17:23:40.627",0.5599365,-0.85717773,0.05303955
"2017-11-10 17:23:40.675",0.56274414,-0.85595703,0.057678223
"2017-11-10 17:23:40.680",0.5566406,-0.8581543,0.06036377
"2017-11-10 17:23:40.682",0.5515747,-0.8595581,0.060668945
"2017-11-10 17:23:40.723",0.55059814,-0.8624878,0.06048584
"2017-11-10 17:23:40.725",0.55163574,-0.86413574,0.05908203
"2017-11-10 17:23:40.772",0.5534668,-0.8633423,0.062683105
"2017-11-10 17:23:40.773",0.55737305,-0.85791016,0.06304932
"2017-11-10 17:23:40.775",0.5518799,-0.8599243,0.058044434
"2017-11-10 17:23:40.820",0.54797363,-0.86499023,0.055908203
"2017-11-10 17:23:40.822",0.5527954,-0.8601074,0.057556152
"2017-11-10 17:23:40.871",0.55322266,-0.85827637,0.06304932
"2017-11-10 17:23:40.876",0.5480957,-0.86224365,0.0635376
"2017-11-10 17:23:40.921",0.54486084,-0.8643799,0.059509277
"2017-11-10 17:23:40.925",0.5458374,-0.8647461,0.059020996
"2017-11-10 17:23:40.926",0.54937744,-0.8635864,0.062805176
"2017-11-10 17:23:40.966",0.55548096,-0.8612671,0.06970215
"2017-11-10 17:23:40.973",0.5576782,-0.86083984,0.070739746
"2017-11-10 17:23:41.016",0.5582886,-0.85583496,0.06762695
"2017-11-10 17:23:41.017",0.55755615,-0.8586426,0.06518555
"2017-11-10 17:23:41.019",0.55462646,-0.8612671,0.064819336
"2017-11-10 17:23:41.064",0.5554199,-0.85961914,0.06732178
"2017-11-10 17:23:41.067",0.55096436,-0.8597412,0.068237305
"2017-11-10 17:23:41.118",0.54278564,-0.86346436,0.066833496
"2017-11-10 17:23:41.120",0.54455566,-0.85961914,0.064086914
"2017-11-10 17:23:41.121",0.54693604,-0.8557739,0.06213379
"2017-11-10 17:23:41.163",0.5477905,-0.86346436,0.055541992
"2017-11-10 17:23:41.167",0.5498047,-0.8657837,0.048583984
"2017-11-10 17:23:41.210",0.5459595,-0.864563,0.047302246
"2017-11-10 17:23:41.212",0.54608154,-0.86279297,0.05041504
