"2017-11-10 17:22:25.016",-0.36444092,-0.9110718,-0.06652832
"2017-11-10 17:22:25.018",-0.37371826,-0.90740967,-0.061462402
"2017-11-10 17:22:25.024",-0.3668213,-0.90966797,-0.054626465
"2017-11-10 17:22:25.063",-0.36462402,-0.9123535,-0.05444336
"2017-11-10 17:22:25.066",-0.37219238,-0.90856934,-0.061950684
"2017-11-10 17:22:25.116",-0.36956787,-0.9069214,-0.06781006
"2017-11-10 17:22:25.123",-0.36694336,-0.91033936,-0.06262207
"2017-11-10 17:22:25.127",-0.3647461,-0.91070557,-0.06329346
"2017-11-10 17:22:25.163",-0.3659668,-0.9093628,-0.06500244
"2017-11-10 17:22:25.170",-0.368042,-0.90686035,-0.055786133
"2017-11-10 17:22:25.210",-0.3731079,-0.9074707,-0.054016113
"2017-11-10 17:22:25.212",-0.37176514,-0.9102173,-0.062438965
"2017-11-10 17:22:25.217",-0.3673706,-0.9118042,-0.06915283
"2017-11-10 17:22:25.258",-0.3671875,-0.9122925,-0.06585693
"2017-11-10 17:22:25.263",-0.37231445,-0.9075928,-0.064697266
"2017-11-10 17:22:25.307",-0.3760376,-0.9016113,-0.071777344
"2017-11-10 17:22:25.313",-0.37139893,-0.91241455,-0.06451416
"2017-11-10 17:22:25.354",-0.37158203,-0.9122925,-0.06286621
"2017-11-10 17:22:25.362",-0.37017822,-0.9059448,-0.07537842
"2017-11-10 17:22:25.363",-0.35986328,-0.9110718,-0.07318115
"2017-11-10 17:22:25.410",-0.355896,-0.9113159,-0.06378174
"2017-11-10 17:22:25.454",-0.3718872,-0.90704346,-0.06768799
"2017-11-10 17:22:25.461",-0.38049316,-0.9003906,-0.07513428
"2017-11-10 17:22:25.462",-0.36828613,-0.90356445,-0.07019043
"2017-11-10 17:22:25.471",-0.362854,-0.9088135,-0.054992676
"2017-11-10 17:22:25.501",-0.36932373,-0.90997314,-0.047668457
"2017-11-10 17:22:25.505",-0.3734131,-0.9057007,-0.059814453
"2017-11-10 17:22:25.550",-0.3665161,-0.9063721,-0.05444336
"2017-11-10 17:22:25.553",-0.36499023,-0.9086304,-0.04425049
"2017-11-10 17:22:25.554",-0.3746338,-0.90625,-0.048095703
"2017-11-10 17:22:25.598",-0.36657715,-0.90802,-0.057434082
"2017-11-10 17:22:25.600",-0.36090088,-0.91015625,-0.062194824
"2017-11-10 17:22:25.647",-0.35839844,-0.91137695,-0.058898926
"2017-11-10 17:22:25.650",-0.35424805,-0.9119873,-0.058410645
"2017-11-10 17:22:25.698",-0.35583496,-0.9127197,-0.057006836
"2017-11-10 17:22:25.700",-0.36035156,-0.9126587,-0.051635742
"2017-11-10 17:22:25.702",-0.35986328,-0.9147339,-0.045532227
"2017-11-10 17:22:25.747",-0.36090088,-0.9146118,-0.04425049
"2017-11-10 17:22:25.751",-0.35980225,-0.913208,-0.043518066
"2017-11-10 17:22:25.752",-0.36016846,-0.90966797,-0.048217773
"2017-11-10 17:22:25.797",-0.3675537,-0.90460205,-0.05218506
"2017-11-10 17:22:25.798",-0.37774658,-0.90405273,-0.05114746
"2017-11-10 17:22:25.845",-0.37506104,-0.9059448,-0.046936035
"2017-11-10 17:22:25.846",-0.3678589,-0.90893555,-0.04071045
"2017-11-10 17:22:25.849",-0.36547852,-0.9067383,-0.037963867
"2017-11-10 17:22:25.893",-0.37072754,-0.9069214,-0.0390625
"2017-11-10 17:22:25.901",-0.37860107,-0.90441895,-0.042114258
"2017-11-10 17:22:25.941",-0.37817383,-0.9053955,-0.034057617
"2017-11-10 17:22:25.947",-0.3743286,-0.90460205,-0.033325195
"2017-11-10 17:22:25.994",-0.37902832,-0.89990234,-0.038879395
"2017-11-10 17:22:26.002",-0.37176514,-0.9035034,-0.041992188
"2017-11-10 17:22:26.006",-0.37078857,-0.9035034,-0.04559326
"2017-11-10 17:22:26.037",-0.37652588,-0.902771,-0.051513672
"2017-11-10 17:22:26.039",-0.37213135,-0.9031372,-0.044006348
"2017-11-10 17:22:26.087",-0.36676025,-0.90771484,-0.02545166
"2017-11-10 17:22:26.092",-0.3770752,-0.9063721,-0.00793457
"2017-11-10 17:22:26.095",-0.38458252,-0.8968506,-0.005126953
"2017-11-10 17:22:26.136",-0.39312744,-0.89434814,-0.020690918
"2017-11-10 17:22:26.143",-0.39050293,-0.90179443,-0.022399902
"2017-11-10 17:22:26.183",-0.3779297,-0.91381836,-0.0072631836
"2017-11-10 17:22:26.196",-0.37298584,-0.90997314,-6.713867E-4
"2017-11-10 17:22:26.198",-0.38000488,-0.90618896,-0.011047363
"2017-11-10 17:22:26.231",-0.36968994,-0.90216064,-0.013977051
"2017-11-10 17:22:26.233",-0.3574829,-0.9058838,1.8310547E-4
"2017-11-10 17:22:26.280",-0.36364746,-0.9142456,0.012573242
"2017-11-10 17:22:26.329",-0.36975098,-0.91656494,0.012634277
"2017-11-10 17:22:26.333",-0.35705566,-0.9178467,0.009155273
"2017-11-10 17:22:26.335",-0.35595703,-0.9127197,0.0076293945
"2017-11-10 17:22:26.340",-0.3684082,-0.9052124,0.004211426
"2017-11-10 17:22:26.382",-0.36993408,-0.9069824,0.0018310547
"2017-11-10 17:22:26.385",-0.36767578,-0.9071655,0.0029907227
"2017-11-10 17:22:26.390",-0.37408447,-0.9082031,0.005432129
"2017-11-10 17:22:26.427",-0.3798828,-0.90704346,0.005554199
"2017-11-10 17:22:26.433",-0.3735962,-0.9069214,7.324219E-4
"2017-11-10 17:22:26.479",-0.37072754,-0.90356445,-0.00579834
"2017-11-10 17:22:26.501",-0.37091064,-0.89923096,-0.0041503906
"2017-11-10 17:22:26.504",-0.36431885,-0.90393066,0.0029296875
"2017-11-10 17:22:26.622",-0.3717041,-0.9055176,0.008911133
"2017-11-10 17:22:26.626",-0.37957764,-0.9003296,0.0057373047
"2017-11-10 17:22:26.629",-0.38146973,-0.90112305,-0.001953125
"2017-11-10 17:22:26.631",-0.3796997,-0.9041748,-0.0014648438
"2017-11-10 17:22:26.631",-0.37976074,-0.90112305,0.0049438477
"2017-11-10 17:22:26.634",-0.3765869,-0.9013672,0.012939453
"2017-11-10 17:22:26.672",-0.36975098,-0.9053345,0.014282227
"2017-11-10 17:22:26.675",-0.3630371,-0.9063721,0.013366699
"2017-11-10 17:22:26.679",-0.3572998,-0.9081421,0.005432129
"2017-11-10 17:22:26.723",-0.36108398,-0.90734863,3.0517578E-4
"2017-11-10 17:22:26.725",-0.36566162,-0.9043579,-0.0033569336
"2017-11-10 17:22:26.727",-0.35717773,-0.90563965,-0.010986328
"2017-11-10 17:22:26.770",-0.34960938,-0.90856934,-0.012023926
"2017-11-10 17:22:26.781",-0.34765625,-0.90563965,-0.011352539
"2017-11-10 17:22:26.819",-0.34014893,-0.90649414,-0.0115356445
"2017-11-10 17:22:26.824",-0.33190918,-0.9074707,-0.012084961
"2017-11-10 17:22:26.826",-0.32269287,-0.9095459,-0.016174316
"2017-11-10 17:22:26.865",-0.30718994,-0.91101074,-0.029846191
"2017-11-10 17:22:26.867",-0.30743408,-0.91693115,-0.04888916
"2017-11-10 17:22:26.915",-0.32995605,-0.9092407,-0.03656006
"2017-11-10 17:22:26.919",-0.33569336,-0.91174316,-0.016357422
"2017-11-10 17:22:26.921",-0.34106445,-0.89245605,-0.03643799
"2017-11-10 17:22:26.967",-0.3460083,-0.8722534,-0.08270264
"2017-11-10 17:22:26.992",-0.35430908,-0.8851929,-0.10021973
"2017-11-10 17:22:27.013",-0.35943604,-0.94537354,-0.08605957
"2017-11-10 17:22:27.022",-0.37542725,-1.0302734,-0.094055176
"2017-11-10 17:22:27.023",-0.39239502,-1.071106,-0.12158203
"2017-11-10 17:22:27.060",-0.35766602,-1.0268555,-0.15838623
"2017-11-10 17:22:27.062",-0.3272705,-0.9902344,-0.18560791
"2017-11-10 17:22:27.112",-0.3057251,-0.9942627,-0.22729492
"2017-11-10 17:22:27.115",-0.28015137,-0.9871216,-0.2454834
"2017-11-10 17:22:27.118",-0.29956055,-0.97198486,-0.17492676
"2017-11-10 17:22:27.159",-0.2399292,-1.0175171,-0.23309326
"2017-11-10 17:22:27.166",0.23651123,-1.1622925,-1.0440674
"2017-11-10 17:22:27.208",-0.39123535,-1.2077026,-0.16931152
"2017-11-10 17:22:27.211",-0.32281494,-1.1572876,0.2397461
"2017-11-10 17:22:27.258",-0.42333984,-1.09552,-0.28411865
"2017-11-10 17:22:27.270",-0.51348877,-1.1218262,7.324219E-4
"2017-11-10 17:22:27.274",0.49908447,-1.4632568,-0.09051514
"2017-11-10 17:22:27.305",0.18933105,-1.5299072,-0.34155273
"2017-11-10 17:22:27.309",-0.18164063,-1.3181152,-0.3380127
"2017-11-10 17:22:27.355",-0.23461914,-1.3275146,-0.32110596
"2017-11-10 17:22:27.360",-0.2800293,-1.1569214,-0.20941162
"2017-11-10 17:22:27.362",-0.27972412,-1.0257568,-0.23614502
"2017-11-10 17:22:27.402",-0.28631592,-0.94989014,-0.26916504
"2017-11-10 17:22:27.405",-0.18023682,-1.0043945,-0.30493164
"2017-11-10 17:22:27.453",-0.09613037,-1.0172119,-0.2368164
"2017-11-10 17:22:27.462",-0.06213379,-0.92108154,-0.21032715
"2017-11-10 17:22:27.464",-0.014953613,-0.8798218,-0.2623291
"2017-11-10 17:22:27.499",0.048095703,-0.8756714,-0.2388916
"2017-11-10 17:22:27.501",0.048339844,-0.78411865,-0.1796875
"2017-11-10 17:22:27.550",-0.0028686523,-0.6642456,-0.18444824
"2017-11-10 17:22:27.555",0.0065307617,-0.5543823,-0.19372559
"2017-11-10 17:22:27.563",0.045837402,-0.5439453,-0.14801025
"2017-11-10 17:22:27.596",0.10992432,-0.5539551,-0.14953613
"2017-11-10 17:22:27.603",0.1852417,-0.5758667,-0.15618896
"2017-11-10 17:22:27.649",0.25323486,-0.6291504,-0.11517334
"2017-11-10 17:22:27.651",0.28149414,-0.65704346,-0.11462402
"2017-11-10 17:22:27.652",0.30944824,-0.6720581,-0.10900879
"2017-11-10 17:22:27.697",0.32714844,-0.6933594,-0.09124756
"2017-11-10 17:22:27.698",0.34851074,-0.7525635,-0.08068848
"2017-11-10 17:22:27.745",0.35864258,-0.8548584,0.012451172
"2017-11-10 17:22:27.746",0.3258667,-0.91522217,-0.005004883
"2017-11-10 17:22:27.747",0.28668213,-0.9824829,-0.07281494
"2017-11-10 17:22:27.793",0.2814331,-1.0128174,-0.08074951
"2017-11-10 17:22:27.795",0.48284912,-1.166687,-0.27990723
"2017-11-10 17:22:27.894",0.5950928,-1.68573,-0.32751465
"2017-11-10 17:22:27.897",0.29821777,-1.640686,-0.1519165
"2017-11-10 17:22:27.899",0.09326172,-1.3902588,-0.2265625
"2017-11-10 17:22:27.903",-0.010498047,-1.2942505,-0.16790771
"2017-11-10 17:22:27.904",-0.10797119,-1.0300903,-0.13989258
"2017-11-10 17:22:27.939",-0.1685791,-0.8515625,0.08886719
"2017-11-10 17:22:27.943",-0.19586182,-0.9159546,0.10760498
"2017-11-10 17:22:27.987",-0.09503174,-1.1602783,0.1005249
"2017-11-10 17:22:27.989",0.190979,-1.34375,0.0115356445
"2017-11-10 17:22:27.995",0.26849365,-1.440979,-0.012634277
"2017-11-10 17:22:28.038",0.1375122,-1.3336792,-0.07922363
"2017-11-10 17:22:28.047",-0.1552124,-0.9379883,-0.09411621
"2017-11-10 17:22:28.085",-0.4390869,-0.62384033,-0.018371582
"2017-11-10 17:22:28.090",-0.390625,-0.65234375,-6.713867E-4
"2017-11-10 17:22:28.092",-0.23205566,-0.78692627,-0.029174805
"2017-11-10 17:22:28.135",-0.13311768,-0.8754883,0.028381348
"2017-11-10 17:22:28.138",-0.21582031,-0.91845703,0.04498291
"2017-11-10 17:22:28.183",-0.3123169,-0.92144775,0.016357422
"2017-11-10 17:22:28.185",-0.24798584,-0.8546753,-0.06896973
"2017-11-10 17:22:28.190",-0.07299805,-0.7963867,-0.13616943
"2017-11-10 17:22:28.231",-0.06365967,-0.8927002,-0.12176514
"2017-11-10 17:22:28.235",-0.21386719,-0.8596802,-0.053955078
"2017-11-10 17:22:28.282",-0.29351807,-0.8500366,-0.024169922
"2017-11-10 17:22:28.285",-0.2744751,-0.94677734,0.014587402
"2017-11-10 17:22:28.286",-0.19616699,-1.0077515,0.04284668
"2017-11-10 17:22:28.329",0.021972656,-1.1785278,0.05316162
"2017-11-10 17:22:28.333",-0.007873535,-1.1687622,0.1887207
"2017-11-10 17:22:28.379",-0.07977295,-1.0700684,-0.17352295
"2017-11-10 17:22:28.385",-0.24298096,-0.8775635,-0.56292725
"2017-11-10 17:22:28.396",-0.21514893,-0.85406494,-0.46990967
"2017-11-10 17:22:28.427",-0.023254395,-0.9984741,-0.11065674
"2017-11-10 17:22:28.437",-0.2548828,-0.91241455,0.12677002
"2017-11-10 17:22:28.474",-0.42041016,-0.88287354,0.33276367
"2017-11-10 17:22:28.479",-0.491333,-0.79107666,0.30493164
"2017-11-10 17:22:28.525",-0.3632202,-0.8868408,0.023864746
"2017-11-10 17:22:28.531",-0.3400879,-0.91900635,-0.13891602
"2017-11-10 17:22:28.532",-0.4189453,-0.93743896,-0.22137451
"2017-11-10 17:22:28.572",-0.41296387,-0.9484863,-0.27301025
"2017-11-10 17:22:28.575",-0.42651367,-0.98028564,-0.32714844
"2017-11-10 17:22:28.622",-0.40612793,-1.024353,-0.2788086
"2017-11-10 17:22:28.628",-0.42565918,-1.0715942,-0.20751953
"2017-11-10 17:22:28.634",-0.46398926,-1.1035156,-0.20611572
"2017-11-10 17:22:28.673",-0.47143555,-1.137207,-0.12249756
"2017-11-10 17:22:28.676",-0.37908936,-1.2545776,0.026428223
"2017-11-10 17:22:28.719",-0.33190918,-1.3441772,0.024230957
"2017-11-10 17:22:28.723",-0.36401367,-1.333374,-0.08276367
"2017-11-10 17:22:28.727",-0.40637207,-1.3453369,-0.099975586
"2017-11-10 17:22:28.769",-0.42645264,-1.2697754,-0.12841797
"2017-11-10 17:22:28.771",-0.4204712,-1.0733643,-0.22662354
"2017-11-10 17:22:28.815",-0.36798096,-0.91156006,-0.34680176
"2017-11-10 17:22:28.866",-0.31140137,-0.8208008,-0.50701904
"2017-11-10 17:22:28.867",-0.274292,-0.76013184,-0.545166
"2017-11-10 17:22:28.868",-0.4029541,-0.7468872,-0.20379639
"2017-11-10 17:22:28.871",0.076538086,-0.9561157,0.08203125
"2017-11-10 17:22:28.916",0.52978516,-1.2161865,0.51452637
"2017-11-10 17:22:28.919",0.38684082,-1.0462646,-0.91186523
"2017-11-10 17:22:28.923",-0.36108398,-0.8710327,-0.7710571
"2017-11-10 17:22:28.965",-0.21606445,-1.1054688,-0.21606445
"2017-11-10 17:22:28.969",-0.21179199,-1.3551636,0.06201172
"2017-11-10 17:22:29.013",-0.091308594,-1.1343994,-0.20965576
"2017-11-10 17:22:29.019",-0.4008789,-1.0134277,-0.3234253
"2017-11-10 17:22:29.022",-0.51416016,-1.020752,-0.22167969
"2017-11-10 17:22:29.061",-0.25323486,-1.0807495,-0.10827637
"2017-11-10 17:22:29.063",-0.15570068,-1.1639404,-0.2121582
"2017-11-10 17:22:29.110",-0.2133789,-1.0874634,-0.15863037
"2017-11-10 17:22:29.121",-0.19195557,-0.8961792,-0.21643066
"2017-11-10 17:22:29.159",-0.1586914,-0.90301514,-0.14813232
"2017-11-10 17:22:29.168",-0.14202881,-0.8760376,-0.17248535
"2017-11-10 17:22:29.170",-0.13116455,-0.78686523,-0.20690918
"2017-11-10 17:22:29.207",-0.10784912,-0.67822266,-0.14996338
"2017-11-10 17:22:29.209",-0.08721924,-0.63568115,-0.11151123
"2017-11-10 17:22:29.254",-0.08532715,-0.58532715,-0.14257813
"2017-11-10 17:22:29.260",-0.042907715,-0.5475464,-0.115722656
"2017-11-10 17:22:29.262",0.0021972656,-0.56951904,-0.10101318
"2017-11-10 17:22:29.304",0.048950195,-0.53015137,-0.11773682
"2017-11-10 17:22:29.308",0.10253906,-0.5461426,-0.057006836
"2017-11-10 17:22:29.353",0.15594482,-0.60198975,0.006164551
"2017-11-10 17:22:29.355",0.20648193,-0.67718506,0.035583496
"2017-11-10 17:22:29.357",0.23657227,-0.7710571,0.1184082
"2017-11-10 17:22:29.402",0.20697021,-0.8932495,0.12872314
"2017-11-10 17:22:29.403",0.16680908,-1.0125122,-0.03967285
"2017-11-10 17:22:29.452",0.36090088,-1.0963135,-0.18798828
"2017-11-10 17:22:29.453",0.56225586,-1.6513062,-0.29223633
"2017-11-10 17:22:29.455",0.053710938,-1.782898,-0.25604248
"2017-11-10 17:22:29.499",-0.21313477,-1.4369507,-0.1328125
"2017-11-10 17:22:29.503",-0.037475586,-1.2688599,-0.29083252
"2017-11-10 17:22:29.547",-0.12896729,-1.1098633,-0.06036377
"2017-11-10 17:22:29.549",-0.13562012,-0.9501343,-0.009155273
"2017-11-10 17:22:29.551",-0.03741455,-0.9608154,7.9345703E-4
"2017-11-10 17:22:29.595",-0.049743652,-1.0390015,0.049682617
"2017-11-10 17:22:29.599",0.0052490234,-1.1726074,0.12597656
"2017-11-10 17:22:29.646",0.054016113,-1.1777344,0.095825195
"2017-11-10 17:22:29.650",0.111572266,-1.1491699,0.1408081
"2017-11-10 17:22:29.654",0.04534912,-1.0130615,0.1071167
"2017-11-10 17:22:29.695",-0.10095215,-0.86346436,0.012939453
"2017-11-10 17:22:29.700",-0.21923828,-0.79833984,0.048950195
"2017-11-10 17:22:29.743",-0.26409912,-0.8457031,0.10076904
"2017-11-10 17:22:29.747",-0.2843628,-0.8566284,0.03869629
"2017-11-10 17:22:29.800",-0.24041748,-0.87945557,-0.04144287
"2017-11-10 17:22:29.808",-0.23486328,-0.8430786,-0.06378174
"2017-11-10 17:22:29.809",-0.23669434,-0.85217285,-0.0748291
"2017-11-10 17:22:29.842",-0.21026611,-0.8362427,-0.0635376
"2017-11-10 17:22:29.844",-0.18054199,-0.92022705,-0.04949951
"2017-11-10 17:22:29.891",-0.11810303,-1.0043335,-0.085876465
"2017-11-10 17:22:29.893",-0.05328369,-1.0200806,-0.11016846
"2017-11-10 17:22:29.895",-0.086242676,-0.97528076,-0.0847168
"2017-11-10 17:22:29.938",-0.13659668,-0.9855957,-0.053466797
"2017-11-10 17:22:29.950",0.07513428,-0.99328613,0.027893066
"2017-11-10 17:22:29.986",-0.041259766,-1.0247803,0.012451172
"2017-11-10 17:22:29.991",-0.23040771,-0.9133301,-0.25445557
"2017-11-10 17:22:29.995",-0.18621826,-0.89123535,-0.24682617
"2017-11-10 17:22:30.036",-0.12524414,-0.93792725,-0.029968262
"2017-11-10 17:22:30.040",-0.3022461,-0.9274292,0.24969482
"2017-11-10 17:22:30.083",-0.3369751,-0.9024658,0.35437012
"2017-11-10 17:22:30.086",-0.36273193,-0.8765869,0.01727295
"2017-11-10 17:22:30.091",-0.28686523,-0.932251,-0.12884521
"2017-11-10 17:22:30.133",-0.3939209,-0.9058838,-0.1149292
"2017-11-10 17:22:30.135",-0.58813477,-0.82958984,-0.14678955
"2017-11-10 17:22:30.180",-0.61260986,-0.8517456,-0.2658081
"2017-11-10 17:22:30.183",-0.3920288,-0.993103,-0.29174805
"2017-11-10 17:22:30.184",-0.2602539,-1.1160889,-0.27288818
"2017-11-10 17:22:30.229",-0.3143921,-1.1846924,-0.26837158
"2017-11-10 17:22:30.230",-0.4489746,-1.223938,-0.23803711
"2017-11-10 17:22:30.279",-0.5175781,-1.2511597,-0.15527344
"2017-11-10 17:22:30.280",-0.5350342,-1.3303833,-0.039611816
"2017-11-10 17:22:30.282",-0.5118408,-1.3867798,0.018432617
"2017-11-10 17:22:30.326",-0.49798584,-1.3095093,-0.029418945
"2017-11-10 17:22:30.328",-0.39013672,-1.2129517,-0.07745361
"2017-11-10 17:22:30.375",-0.18157959,-1.111084,-0.25177002
"2017-11-10 17:22:30.378",-0.18334961,-0.9633789,-0.40911865
"2017-11-10 17:22:30.424",-0.16217041,-0.8850708,-0.5805664
"2017-11-10 17:22:30.429",-0.17596436,-0.8442993,-0.5606079
"2017-11-10 17:22:30.448",-0.4569702,-0.90234375,-0.13659668
"2017-11-10 17:22:30.472",-0.047973633,-1.0460815,-0.10772705
"2017-11-10 17:22:30.474",0.08959961,-1.2330933,0.36547852
"2017-11-10 17:22:30.523",0.35992432,-1.125061,-0.10620117
"2017-11-10 17:22:30.525",-0.00390625,-0.90252686,-1.0013428
"2017-11-10 17:22:30.527",0.0115356445,-1.298584,-0.18322754
"2017-11-10 17:22:30.570",-0.20654297,-1.1974487,-0.049926758
"2017-11-10 17:22:30.573",-0.43121338,-0.8922119,-0.17523193
"2017-11-10 17:22:30.621",-0.24945068,-0.9801636,-0.14959717
"2017-11-10 17:22:30.622",-0.34472656,-1.0653687,-0.2020874
"2017-11-10 17:22:30.623",-0.12420654,-1.0740356,-0.13366699
"2017-11-10 17:22:30.768",-0.12713623,-1.1231079,-0.069885254
"2017-11-10 17:22:30.770",-0.1930542,-0.9171753,-0.10131836
"2017-11-10 17:22:30.864",-0.21844482,-0.8596802,-0.13916016
"2017-11-10 17:22:30.865",-0.115600586,-0.9291992,-0.15368652
"2017-11-10 17:22:30.867",-0.048461914,-0.84991455,-0.15631104
"2017-11-10 17:22:30.869",-0.105041504,-0.73065186,-0.13934326
"2017-11-10 17:22:30.871",-0.12670898,-0.6799927,-0.12060547
"2017-11-10 17:22:30.872",-0.09625244,-0.62231445,-0.06097412
"2017-11-10 17:22:30.913",-0.046203613,-0.5081177,-0.09466553
"2017-11-10 17:22:30.914",-0.0043945313,-0.46655273,-0.15032959
"2017-11-10 17:22:30.916",0.046936035,-0.5058594,-0.11993408
"2017-11-10 17:22:30.918",0.06561279,-0.5161133,-0.115112305
"2017-11-10 17:22:30.920",0.100097656,-0.5550537,-0.068359375
"2017-11-10 17:22:30.923",0.17028809,-0.6047363,0.051574707
"2017-11-10 17:22:30.960",0.18933105,-0.6326904,0.14996338
"2017-11-10 17:22:30.962",0.21160889,-0.78082275,0.113342285
"2017-11-10 17:22:30.966",0.22009277,-0.9605713,0.0146484375
"2017-11-10 17:22:31.058",0.41485596,-1.1070557,-0.15435791
"2017-11-10 17:22:31.063",0.682251,-1.737854,-0.22229004
"2017-11-10 17:22:31.110",0.20111084,-1.9680176,-0.14453125
"2017-11-10 17:22:31.113",-0.16210938,-1.4967041,-0.24700928
"2017-11-10 17:22:31.114",-0.048706055,-1.2783203,-0.31365967
"2017-11-10 17:22:31.116",-0.09484863,-1.1869507,-0.0076293945
"2017-11-10 17:22:31.120",-0.084472656,-0.98773193,0.12298584
"2017-11-10 17:22:31.158",-0.09515381,-0.960022,-3.6621094E-4
"2017-11-10 17:22:31.162",-0.10888672,-1.111084,-0.020935059
"2017-11-10 17:22:31.165",0.05633545,-1.2753906,-0.020324707
"2017-11-10 17:22:31.206",0.087646484,-1.2016602,0.017333984
"2017-11-10 17:22:31.214",0.044311523,-1.0527954,0.094055176
"2017-11-10 17:22:31.253",0.007019043,-0.9212036,0.101745605
"2017-11-10 17:22:31.257",-0.040161133,-0.8795166,0.021484375
"2017-11-10 17:22:31.259",-0.1506958,-0.8278198,-0.002746582
"2017-11-10 17:22:31.302",-0.2345581,-0.81085205,0.02758789
"2017-11-10 17:22:31.303",-0.2869873,-0.869751,0.019104004
"2017-11-10 17:22:31.351",-0.24932861,-0.881958,-0.052124023
"2017-11-10 17:22:31.356",-0.1630249,-0.8199463,-0.09100342
"2017-11-10 17:22:31.365",-0.10583496,-0.80548096,-0.08538818
"2017-11-10 17:22:31.402",-0.08660889,-0.8515625,-0.042907715
"2017-11-10 17:22:31.408",-0.17175293,-0.8967285,-0.08911133
"2017-11-10 17:22:31.448",-0.2515869,-0.8418579,-0.07867432
"2017-11-10 17:22:31.456",-0.246521,-0.7522583,0.023071289
"2017-11-10 17:22:31.459",-0.15112305,-0.8977051,-0.010070801
"2017-11-10 17:22:31.500",0.06726074,-1.1243286,-0.02947998
"2017-11-10 17:22:31.501",0.18560791,-1.1721191,0.091674805
"2017-11-10 17:22:31.546",0.1359253,-1.071167,-0.016357422
"2017-11-10 17:22:31.547",-0.17175293,-0.9161377,-0.26654053
"2017-11-10 17:22:31.553",-0.12219238,-0.87384033,-0.2869873
"2017-11-10 17:22:31.594",-0.10394287,-0.97473145,-0.07128906
"2017-11-10 17:22:31.598",-0.091796875,-0.9854126,0.25030518
"2017-11-10 17:22:31.644",-0.44335938,-0.93774414,0.39587402
"2017-11-10 17:22:31.649",-0.4552002,-0.9376831,0.045532227
"2017-11-10 17:22:31.652",-0.35046387,-0.9505005,-0.12817383
"2017-11-10 17:22:31.697",-0.4111328,-0.93548584,-0.18896484
"2017-11-10 17:22:31.699",-0.5078125,-0.8331299,-0.64660645
"2017-11-10 17:22:31.743",-0.21362305,-0.9533081,-0.18652344
"2017-11-10 17:22:31.748",-0.2498169,-1.0114136,0.018066406
"2017-11-10 17:22:31.791",-0.30651855,-1.0158081,-0.103515625
"2017-11-10 17:22:31.795",-0.39575195,-1.0169067,-0.15594482
"2017-11-10 17:22:31.803",-0.43432617,-1.0770874,-0.067871094
"2017-11-10 17:22:31.839",-0.3965454,-1.2175293,0.03765869
"2017-11-10 17:22:31.845",-0.44830322,-1.2381592,0.09844971
"2017-11-10 17:22:31.890",-0.487854,-1.2232666,0.059143066
"2017-11-10 17:22:31.893",-0.4562378,-1.3579102,0.0154418945
"2017-11-10 17:22:31.901",-0.48736572,-1.446228,-0.010437012
"2017-11-10 17:22:31.936",-0.49798584,-1.3430786,-0.08178711
"2017-11-10 17:22:31.937",-0.3980713,-1.1817017,-0.25073242
"2017-11-10 17:22:31.984",-0.2166748,-1.0514526,-0.46295166
"2017-11-10 17:22:31.986",0.012634277,-0.95184326,-0.67266846
"2017-11-10 17:22:31.991",-0.07788086,-0.8692627,-0.38336182
"2017-11-10 17:22:32.033",-0.19128418,-0.84490967,-0.049316406
"2017-11-10 17:22:32.036",-0.020629883,-0.9636841,0.17700195
"2017-11-10 17:22:32.084",-0.043945313,-1.0958862,-0.03338623
"2017-11-10 17:22:32.090",-0.20758057,-0.99835205,-0.4399414
"2017-11-10 17:22:32.092",0.18585205,-1.0001221,-0.47784424
"2017-11-10 17:22:32.131",-0.3251953,-0.87579346,-0.3053589
"2017-11-10 17:22:32.137",0.06665039,-1.5028076,-0.24420166
"2017-11-10 17:22:32.181",0.08691406,-1.345581,-0.21722412
"2017-11-10 17:22:32.185",-0.27062988,-1.0212402,-0.21734619
"2017-11-10 17:22:32.188",-0.42840576,-1.0305176,-0.14764404
"2017-11-10 17:22:32.280",-0.32781982,-1.0612183,-0.1473999
"2017-11-10 17:22:32.284",-0.13977051,-1.0630493,-0.15386963
"2017-11-10 17:22:32.289",-0.15637207,-1.1003418,-0.12756348
"2017-11-10 17:22:32.298",-0.17358398,-0.85113525,-0.15509033
"2017-11-10 17:22:32.302",-0.16046143,-0.8060913,-0.12713623
"2017-11-10 17:22:32.327",-0.0848999,-0.892334,-0.15081787
"2017-11-10 17:22:32.329",-0.060791016,-0.8354492,-0.17346191
"2017-11-10 17:22:32.377",-0.10430908,-0.70184326,-0.09753418
"2017-11-10 17:22:32.381",-0.13269043,-0.5875244,-0.087890625
"2017-11-10 17:22:32.426",-0.117614746,-0.47998047,-0.14813232
"2017-11-10 17:22:32.449",-0.030761719,-0.47332764,-0.12939453
"2017-11-10 17:22:32.455",0.021972656,-0.49853516,-0.11682129
"2017-11-10 17:22:32.472",0.06329346,-0.50079346,-0.077697754
"2017-11-10 17:22:32.475",0.11907959,-0.5874634,0.0041503906
"2017-11-10 17:22:32.522",0.13305664,-0.6350708,0.044189453
"2017-11-10 17:22:32.531",0.15991211,-0.6624756,0.10345459
"2017-11-10 17:22:32.533",0.17901611,-0.7029419,0.13970947
"2017-11-10 17:22:32.571",0.19555664,-0.84417725,0.008422852
"2017-11-10 17:22:32.573",0.31628418,-0.9762573,-0.04449463
"2017-11-10 17:22:32.618",0.6567383,-1.3562622,-0.2861328
"2017-11-10 17:22:32.622",0.35394287,-1.9302979,-0.09814453
"2017-11-10 17:22:32.631",-0.17163086,-1.5613403,-0.2456665
"2017-11-10 17:22:32.670",0.043823242,-1.4035645,-0.23919678
"2017-11-10 17:22:32.673",0.057678223,-1.2930298,-0.07861328
"2017-11-10 17:22:32.718",-0.040100098,-1.086731,0.038024902
"2017-11-10 17:22:32.726",-0.059631348,-1.0336304,-0.09008789
"2017-11-10 17:22:32.730",-0.06414795,-1.0328369,-0.06341553
"2017-11-10 17:22:32.765",-0.045776367,-1.0067749,0.032470703
"2017-11-10 17:22:32.767",-0.077697754,-1.0510864,0.10205078
"2017-11-10 17:22:32.816",0.0036010742,-1.1156006,0.16967773
"2017-11-10 17:22:32.818",0.10321045,-1.1599731,0.16607666
"2017-11-10 17:22:32.820",-0.008483887,-1.003418,0.04095459
"2017-11-10 17:22:32.863",-0.10076904,-0.8543701,0.015014648
"2017-11-10 17:22:32.872",-0.1895752,-0.84020996,0.061828613
"2017-11-10 17:22:32.914",-0.24310303,-0.87231445,0.05895996
"2017-11-10 17:22:32.926",-0.22973633,-0.8774414,0.00592041
"2017-11-10 17:22:32.940",-0.25439453,-0.84033203,-0.07849121
"2017-11-10 17:22:32.960",-0.20574951,-0.8422241,-0.0847168
"2017-11-10 17:22:32.963",-0.16394043,-0.8753662,-0.08703613
"2017-11-10 17:22:33.008",-0.17755127,-0.82910156,-0.050048828
"2017-11-10 17:22:33.012",-0.21185303,-0.83361816,-0.055541992
"2017-11-10 17:22:33.057",-0.20452881,-0.90045166,-0.020446777
"2017-11-10 17:22:33.061",-0.14215088,-0.85565186,0.037963867
"2017-11-10 17:22:33.064",-0.18322754,-0.9301758,-0.07348633
"2017-11-10 17:22:33.108",-0.010437012,-1.0794067,-0.080078125
"2017-11-10 17:22:33.117",0.08514404,-1.0275879,-0.07324219
"2017-11-10 17:22:33.156",0.046203613,-0.98321533,-0.028503418
"2017-11-10 17:22:33.163",-0.19244385,-0.93896484,-0.20910645
"2017-11-10 17:22:33.164",-0.20709229,-0.90911865,-0.22998047
"2017-11-10 17:22:33.204",-0.08087158,-0.9902344,-0.024902344
"2017-11-10 17:22:33.206",-0.1854248,-0.9694214,0.12310791
"2017-11-10 17:22:33.252",-0.3218994,-1.013794,0.44006348
"2017-11-10 17:22:33.304",-0.3272705,-0.9925537,0.15570068
"2017-11-10 17:22:33.308",-0.27746582,-0.90356445,-0.168396
"2017-11-10 17:22:33.310",-0.3079834,-0.9160156,-0.23516846
"2017-11-10 17:22:33.315",-0.4430542,-0.8110962,-0.6694336
"2017-11-10 17:22:33.349",-0.31933594,-0.8642578,-0.4053955
"2017-11-10 17:22:33.353",-0.2695923,-1.0576782,0.120788574
"2017-11-10 17:22:33.355",-0.3624878,-1.0523071,-0.09423828
"2017-11-10 17:22:33.401",-0.3876953,-1.0761719,-0.15197754
"2017-11-10 17:22:33.419",-0.42755127,-1.1131592,-0.13598633
"2017-11-10 17:22:33.448",-0.4230957,-1.1870728,-0.072631836
"2017-11-10 17:22:33.451",-0.43499756,-1.2229614,0.04711914
"2017-11-10 17:22:33.453",-0.4683838,-1.2521362,0.057678223
"2017-11-10 17:22:33.497",-0.43658447,-1.3267822,-0.02960205
"2017-11-10 17:22:33.503",-0.40625,-1.3780518,-0.07897949
"2017-11-10 17:22:33.544",-0.40576172,-1.3547974,-0.06451416
"2017-11-10 17:22:33.547",-0.38867188,-1.2893677,-0.07421875
"2017-11-10 17:22:33.552",-0.3157959,-1.1397095,-0.24591064
"2017-11-10 17:22:33.613",-0.1027832,-0.9243164,-0.8769531
"2017-11-10 17:22:33.614",-0.07940674,-0.9182739,-0.60668945
"2017-11-10 17:22:33.641",-0.24951172,-0.876709,0.0703125
"2017-11-10 17:22:33.643",-0.41210938,-0.852478,0.072387695
"2017-11-10 17:22:33.690",-0.3421631,-0.8578491,-0.1293335
"2017-11-10 17:22:33.693",-0.13586426,-0.987854,0.08300781
"2017-11-10 17:22:33.695",0.13897705,-1.0632935,0.19720459
"2017-11-10 17:22:33.740",0.27612305,-1.1380615,-0.3727417
"2017-11-10 17:22:33.742",0.1329956,-1.2157593,-0.95098877
"2017-11-10 17:22:33.789",-0.085998535,-1.4092407,0.03503418
"2017-11-10 17:22:33.795",-0.25933838,-1.0302124,-0.053466797
"2017-11-10 17:22:33.800",-0.36724854,-0.895874,-0.124572754
"2017-11-10 17:22:33.840",-0.24731445,-1.0776978,-0.09625244
"2017-11-10 17:22:33.845",-0.23144531,-1.093689,-0.14343262
"2017-11-10 17:22:33.887",-0.21142578,-1.102356,-0.10473633
"2017-11-10 17:22:33.889",-0.25982666,-0.954834,-0.06573486
"2017-11-10 17:22:33.891",-0.23602295,-0.86346436,-0.14093018
"2017-11-10 17:22:33.934",-0.16339111,-0.94525146,-0.14868164
"2017-11-10 17:22:33.936",-0.13812256,-0.9210205,-0.14501953
"2017-11-10 17:22:33.984",-0.12072754,-0.80267334,-0.12213135
"2017-11-10 17:22:33.993",-0.105163574,-0.6616821,-0.10028076
"2017-11-10 17:22:33.995",-0.0993042,-0.58184814,-0.11553955
"2017-11-10 17:22:34.032",-0.08416748,-0.53186035,-0.10595703
"2017-11-10 17:22:34.037",-0.045532227,-0.4954834,-0.12982178
"2017-11-10 17:22:34.082",0.008056641,-0.47369385,-0.14642334
"2017-11-10 17:22:34.083",0.02722168,-0.51568604,-0.06317139
"2017-11-10 17:22:34.088",0.09020996,-0.58599854,-0.033691406
"2017-11-10 17:22:34.132",0.1383667,-0.59906006,-0.0017700195
"2017-11-10 17:22:34.135",0.113586426,-0.6125488,0.09069824
"2017-11-10 17:22:34.180",0.10180664,-0.66192627,0.13092041
"2017-11-10 17:22:34.187",0.095703125,-0.788147,0.104003906
"2017-11-10 17:22:34.278",0.11755371,-0.9349365,-0.007507324
"2017-11-10 17:22:34.285",0.3638916,-1.0046387,-0.19659424
"2017-11-10 17:22:34.286",0.74450684,-1.6876831,-0.15679932
"2017-11-10 17:22:34.289",0.35064697,-1.999939,-0.052734375
"2017-11-10 17:22:34.297",-0.08148193,-1.6184692,-0.21209717
"2017-11-10 17:22:34.302",-0.044189453,-1.2919922,-0.25231934
"2017-11-10 17:22:34.325",-0.18670654,-1.0288086,0.020751953
"2017-11-10 17:22:34.328",-0.19366455,-0.8411255,0.07952881
"2017-11-10 17:22:34.373",-0.13763428,-0.90631104,0.02947998
"2017-11-10 17:22:34.377",-0.10748291,-1.0701904,0.08166504
"2017-11-10 17:22:34.422",-0.0154418945,-1.234314,0.12561035
"2017-11-10 17:22:34.426",0.086364746,-1.265686,0.09075928
"2017-11-10 17:22:34.427",0.13085938,-1.236084,0.11804199
"2017-11-10 17:22:34.471",0.029541016,-1.0316772,0.12030029
"2017-11-10 17:22:34.477",-0.14404297,-0.81884766,0.038146973
"2017-11-10 17:22:34.520",-0.25933838,-0.74194336,0.060424805
"2017-11-10 17:22:34.521",-0.24481201,-0.8237915,0.0836792
"2017-11-10 17:22:34.525",-0.2518921,-0.8674927,0.015686035
"2017-11-10 17:22:34.570",-0.24517822,-0.8331299,-0.0602417
"2017-11-10 17:22:34.581",-0.2062378,-0.82470703,-0.13549805
"2017-11-10 17:22:34.619",-0.14239502,-0.9515381,-0.15771484
"2017-11-10 17:22:34.627",-0.16473389,-0.95025635,-0.18096924
"2017-11-10 17:22:34.629",-0.20306396,-0.85131836,-0.144104
"2017-11-10 17:22:34.667",-0.21057129,-0.82073975,-0.038391113
"2017-11-10 17:22:34.671",-0.16247559,-0.8840332,0.14404297
"2017-11-10 17:22:34.717",-0.022216797,-1.0497437,0.20733643
"2017-11-10 17:22:34.719",0.06768799,-1.1150513,0.2871704
"2017-11-10 17:22:34.721",0.10321045,-1.0928955,0.038085938
"2017-11-10 17:22:34.764",-0.27893066,-0.84954834,-0.42608643
"2017-11-10 17:22:34.767",-0.4769287,-0.75219727,-0.5275879
"2017-11-10 17:22:34.813",-0.11212158,-0.928833,-0.19989014
"2017-11-10 17:22:34.825",-0.20336914,-0.88165283,0.04168701
"2017-11-10 17:22:34.826",-0.3466797,-0.9093628,0.15332031
"2017-11-10 17:22:34.863",-0.27227783,-0.99035645,0.20983887
"2017-11-10 17:22:34.869",-0.29174805,-0.92144775,0.014526367
"2017-11-10 17:22:34.909",-0.5311279,-0.7178345,-0.74121094
"2017-11-10 17:22:34.912",-0.30560303,-0.876709,-0.4212036
"2017-11-10 17:22:34.959",-0.24255371,-0.96325684,0.16296387
"2017-11-10 17:22:34.962",-0.3071289,-0.98742676,0.04107666
"2017-11-10 17:22:34.967",-0.33306885,-1.0307617,-0.046936035
"2017-11-10 17:22:35.007",-0.43041992,-1.0942993,-0.09265137
"2017-11-10 17:22:35.010",-0.49597168,-1.2252808,-0.118652344
"2017-11-10 17:22:35.060",-0.5112915,-1.3546753,-0.078186035
"2017-11-10 17:22:35.063",-0.3887329,-1.4171143,-0.006591797
"2017-11-10 17:22:35.064",-0.34222412,-1.4700317,-0.0256958
"2017-11-10 17:22:35.107",-0.378479,-1.4299927,-0.06402588
"2017-11-10 17:22:35.109",-0.5181885,-1.2228394,-0.25946045
"2017-11-10 17:22:35.156",-0.43707275,-1.1098633,-0.53393555
"2017-11-10 17:22:35.158",-0.29193115,-1.0698853,-0.5046997
"2017-11-10 17:22:35.160",-0.37347412,-0.90838623,-0.30877686
"2017-11-10 17:22:35.204",-0.09844971,-0.9491577,0.13476563
"2017-11-10 17:22:35.211",-0.12182617,-0.946167,0.1281128
"2017-11-10 17:22:35.253",-0.19281006,-0.8567505,-0.112976074
"2017-11-10 17:22:35.264",-0.044433594,-0.8594971,-0.34716797
"2017-11-10 17:22:35.266",0.21624756,-0.9552002,-0.34246826
"2017-11-10 17:22:35.351",-0.024108887,-1.0384521,-0.27124023
"2017-11-10 17:22:35.355",-0.034240723,-1.2351074,-0.46624756
"2017-11-10 17:22:35.363",0.072021484,-1.4494019,0.2130127
"2017-11-10 17:22:35.367",-0.23022461,-1.0459595,-0.33929443
"2017-11-10 17:22:35.372",-0.41052246,-0.993103,-0.2703247
"2017-11-10 17:22:35.397",-0.38726807,-0.9817505,-0.15008545
"2017-11-10 17:22:35.401",-0.230896,-1.0029907,-0.12915039
"2017-11-10 17:22:35.448",-0.19580078,-1.1036987,-0.18804932
"2017-11-10 17:22:35.459",-0.23181152,-0.9926758,-0.18359375
"2017-11-10 17:22:35.465",-0.11968994,-0.984375,-0.20361328
"2017-11-10 17:22:35.495",-0.012145996,-1.0258789,-0.24865723
"2017-11-10 17:22:35.496",0.04534912,-1.0043945,-0.20574951
"2017-11-10 17:22:35.545",-0.0026855469,-0.95513916,-0.15386963
"2017-11-10 17:22:35.551",-0.06976318,-0.82025146,-0.12536621
"2017-11-10 17:22:35.592",-0.05657959,-0.70983887,-0.09753418
"2017-11-10 17:22:35.594",-0.023071289,-0.68426514,-0.17608643
"2017-11-10 17:22:35.597",0.033569336,-0.65838623,-0.16711426
"2017-11-10 17:22:35.642",0.036254883,-0.61291504,-0.1619873
"2017-11-10 17:22:35.644",0.05596924,-0.59228516,-0.15789795
"2017-11-10 17:22:35.691",0.124938965,-0.56622314,-0.108947754
"2017-11-10 17:22:35.693",0.115478516,-0.48150635,-0.05480957
"2017-11-10 17:22:35.693",0.14428711,-0.5333252,-0.06506348
"2017-11-10 17:22:35.739",0.1951294,-0.5689697,-0.10736084
"2017-11-10 17:22:35.744",0.1930542,-0.6168823,-0.09484863
"2017-11-10 17:22:35.788",0.23815918,-0.6465454,-0.048706055
"2017-11-10 17:22:35.838",0.30645752,-0.71746826,-0.027954102
"2017-11-10 17:22:35.848",0.35284424,-0.8692627,0.00970459
"2017-11-10 17:22:35.853",0.35168457,-1.0165405,-0.046020508
"2017-11-10 17:22:35.860",0.33538818,-1.1051025,-0.17956543
"2017-11-10 17:22:35.888",0.54937744,-1.114685,-0.3743286
"2017-11-10 17:22:35.893",0.7052002,-1.7194214,-0.34155273
"2017-11-10 17:22:35.894",0.062805176,-1.8336182,-0.21923828
"2017-11-10 17:22:35.933",-0.2109375,-1.4204102,-0.07397461
"2017-11-10 17:22:35.934",0.07879639,-1.3117676,-0.16204834
"2017-11-10 17:22:35.984",0.022399902,-1.12677,-0.09039307
"2017-11-10 17:22:35.989",0.010620117,-0.91619873,0.1899414
"2017-11-10 17:22:35.994",-0.0657959,-0.9147949,0.013549805
"2017-11-10 17:22:36.030",-0.023254395,-1.0282593,-0.06188965
"2017-11-10 17:22:36.088",0.12200928,-1.1859131,-0.0146484375
"2017-11-10 17:22:36.090",0.14483643,-1.19281,-0.029663086
"2017-11-10 17:22:36.092",0.05834961,-1.1205444,0.04699707
"2017-11-10 17:22:36.093",0.0067749023,-0.9842529,0.072753906
"2017-11-10 17:22:36.130",-0.068237305,-0.815979,0.053588867
"2017-11-10 17:22:36.134",-0.1977539,-0.71795654,0.090026855
"2017-11-10 17:22:36.179",-0.23376465,-0.78393555,0.11975098
"2017-11-10 17:22:36.185",-0.19024658,-0.91485596,0.09906006
"2017-11-10 17:22:36.278",-0.23284912,-0.96661377,0.061035156
"2017-11-10 17:22:36.280",-0.28692627,-0.91864014,-0.027832031
"2017-11-10 17:22:36.282",-0.21807861,-0.8934326,-0.08605957
"2017-11-10 17:22:36.283",-0.18005371,-0.94091797,-0.09313965
"2017-11-10 17:22:36.289",-0.21044922,-0.9312744,-0.07122803
"2017-11-10 17:22:36.325",-0.22442627,-0.89453125,-0.081726074
"2017-11-10 17:22:36.336",-0.22180176,-0.9012451,-0.10046387
"2017-11-10 17:22:36.338",-0.2510376,-0.89160156,-0.122924805
"2017-11-10 17:22:36.375",-0.22589111,-0.8961792,-0.15594482
"2017-11-10 17:22:36.380",-0.051513672,-1.0455933,-0.118896484
"2017-11-10 17:22:36.421",0.087402344,-1.0791016,-0.016906738
"2017-11-10 17:22:36.422",0.028564453,-1.0185547,0.06762695
"2017-11-10 17:22:36.427",-0.18121338,-0.95617676,-0.09777832
"2017-11-10 17:22:36.471",-0.12817383,-0.897583,-0.117126465
"2017-11-10 17:22:36.477",-0.19580078,-0.8388672,0.1171875
"2017-11-10 17:22:36.519",-0.20117188,-0.99261475,0.335083
"2017-11-10 17:22:36.521",-0.3590088,-0.9651489,0.18103027
"2017-11-10 17:22:36.525",-0.4350586,-0.9039917,-0.05303955
"2017-11-10 17:22:36.570",-0.59552,-0.9063721,-0.30963135
"2017-11-10 17:22:36.572",-0.56591797,-0.78900146,-0.7897339
"2017-11-10 17:22:36.617",-0.19506836,-0.90948486,-0.22576904
"2017-11-10 17:22:36.618",-0.26574707,-0.9893799,0.012207031
"2017-11-10 17:22:36.624",-0.3399048,-1.0081177,-0.070129395
"2017-11-10 17:22:36.666",-0.39642334,-1.0117188,-0.114868164
"2017-11-10 17:22:36.672",-0.45251465,-1.0942993,-0.08862305
"2017-11-10 17:22:36.714",-0.45092773,-1.2158813,-0.0030517578
"2017-11-10 17:22:36.717",-0.3536377,-1.3162842,0.014770508
"2017-11-10 17:22:36.724",-0.31341553,-1.3701172,-0.012268066
"2017-11-10 17:22:36.763",-0.45880127,-1.4325562,-0.112854004
"2017-11-10 17:22:36.766",-0.6460571,-1.4465332,-0.23321533
"2017-11-10 17:22:36.811",-0.63275146,-1.3328247,-0.2668457
"2017-11-10 17:22:36.816",-0.5656128,-1.1067505,-0.42053223
"2017-11-10 17:22:36.863",-0.3307495,-0.8859863,-0.758667
"2017-11-10 17:22:36.870",-0.31860352,-0.80566406,-0.30194092
"2017-11-10 17:22:36.879",0.3847046,-1.1259766,0.08331299
"2017-11-10 17:22:36.908",0.6689453,-1.3584595,0.22247314
"2017-11-10 17:22:36.915",-0.26904297,-1.0131226,-0.29864502
"2017-11-10 17:22:36.957",-0.13464355,-0.94525146,-0.083984375
"2017-11-10 17:22:36.963",0.13922119,-0.895813,0.083740234
"2017-11-10 17:22:36.965",-0.11218262,-1.248352,-0.28546143
"2017-11-10 17:22:37.006",0.34503174,-1.5216064,0.11706543
"2017-11-10 17:22:37.008",0.1907959,-1.3614502,-0.020812988
"2017-11-10 17:22:37.057",-0.31628418,-0.9989624,0.07849121
"2017-11-10 17:22:37.059",-0.34368896,-1.0770264,-0.043701172
"2017-11-10 17:22:37.061",-0.28363037,-1.1187134,0.023620605
"2017-11-10 17:22:37.104",-0.2454834,-1.0864258,0.060791016
"2017-11-10 17:22:37.154",-0.20349121,-0.9890747,0.01361084
"2017-11-10 17:22:37.161",-0.14556885,-0.9376221,-0.14630127
"2017-11-10 17:22:37.172",-0.046691895,-0.9633179,-0.22369385
"2017-11-10 17:22:37.174",-0.02154541,-1.0022583,-0.17175293
"2017-11-10 17:22:37.200",-0.07232666,-0.90997314,-0.12487793
"2017-11-10 17:22:37.202",-0.13128662,-0.7637329,-0.1315918
"2017-11-10 17:22:37.250",-0.12786865,-0.70843506,-0.13208008
"2017-11-10 17:22:37.251",-0.05908203,-0.642334,-0.1508789
"2017-11-10 17:22:37.259",-0.014099121,-0.61273193,-0.16778564
"2017-11-10 17:22:37.299",0.0020751953,-0.55804443,-0.12475586
"2017-11-10 17:22:37.301",0.033813477,-0.51867676,-0.06939697
"2017-11-10 17:22:37.350",0.11871338,-0.4560547,-0.05859375
"2017-11-10 17:22:37.358",0.1897583,-0.50408936,-0.07537842
"2017-11-10 17:22:37.399",0.27331543,-0.5897217,-0.038269043
"2017-11-10 17:22:37.405",0.30529785,-0.607666,-0.011413574
"2017-11-10 17:22:37.408",0.34735107,-0.6033325,0.007873535
"2017-11-10 17:22:37.449",0.4076538,-0.6505127,0.08477783
"2017-11-10 17:22:37.454",0.4710083,-0.7424927,0.18414307
"2017-11-10 17:22:37.494",0.52038574,-0.8946533,0.18377686
"2017-11-10 17:22:37.496",0.56292725,-1.0402832,0.07861328
"2017-11-10 17:22:37.498",0.6170044,-1.093811,-0.11413574
"2017-11-10 17:22:37.543",0.8725586,-1.3712158,-0.40386963
"2017-11-10 17:22:37.546",0.8562012,-1.9232178,-0.2666626
"2017-11-10 17:22:37.590",0.113220215,-1.2513428,-0.16125488
"2017-11-10 17:22:37.599",-0.066711426,-0.6196289,-0.29193115
"2017-11-10 17:22:37.601",0.075683594,-0.65930176,-0.03967285
"2017-11-10 17:22:37.640",0.20135498,-0.92633057,-0.046081543
"2017-11-10 17:22:37.642",0.19329834,-1.3184814,0.010803223
"2017-11-10 17:22:37.690",0.14837646,-1.5612183,-0.17736816
"2017-11-10 17:22:37.691",0.18969727,-1.4255371,-0.22125244
"2017-11-10 17:22:37.695",0.14923096,-1.1591797,-0.012268066
"2017-11-10 17:22:37.737",0.035705566,-1.0166016,-0.02319336
"2017-11-10 17:22:37.739",-0.007385254,-0.99572754,-0.048339844
"2017-11-10 17:22:37.789",0.03857422,-1.0360107,-0.07305908
"2017-11-10 17:22:37.792",-0.038391113,-1.0080566,-0.051513672
"2017-11-10 17:22:37.793",-0.13543701,-0.961792,-4.272461E-4
"2017-11-10 17:22:37.835",-0.14794922,-0.9257202,0.017578125
"2017-11-10 17:22:37.842",-0.16265869,-0.90704346,0.0134887695
"2017-11-10 17:22:37.884",-0.09918213,-0.95355225,-0.00390625
"2017-11-10 17:22:37.885",-0.04284668,-0.97698975,-0.013183594
"2017-11-10 17:22:37.887",-0.014038086,-0.94647217,-0.0037231445
"2017-11-10 17:22:37.932",-0.059570313,-0.9102783,0.0071411133
"2017-11-10 17:22:37.940",-0.12512207,-0.87145996,0.017028809
"2017-11-10 17:22:37.981",-0.11413574,-0.876709,0.0289917
"2017-11-10 17:22:37.986",-0.14764404,-0.8487549,0.015625
"2017-11-10 17:22:37.991",-0.22906494,-0.8157959,0.0041503906
"2017-11-10 17:22:38.031",-0.2703247,-0.87109375,-0.097229004
"2017-11-10 17:22:38.035",-0.18841553,-0.8967285,-0.12249756
"2017-11-10 17:22:38.079",-0.05908203,-0.8842163,-0.10180664
"2017-11-10 17:22:38.082",-0.042541504,-0.9647827,-0.10284424
"2017-11-10 17:22:38.130",-0.15124512,-0.86102295,-0.12664795
"2017-11-10 17:22:38.132",-0.13195801,-0.9466553,-0.1348877
"2017-11-10 17:22:38.134",-0.045654297,-0.98687744,-0.01928711
"2017-11-10 17:22:38.178",-0.10900879,-0.9267578,0.039794922
"2017-11-10 17:22:38.181",-0.21228027,-0.9449463,0.0154418945
"2017-11-10 17:22:38.273",-0.34143066,-0.9607544,-0.0038452148
"2017-11-10 17:22:38.280",-0.33093262,-0.8899536,-0.0501709
"2017-11-10 17:22:38.283",-0.25646973,-0.89971924,-0.018005371
"2017-11-10 17:22:38.287",-0.33306885,-0.9075928,-0.05505371
"2017-11-10 17:22:38.288",-0.3651123,-0.89471436,-0.06738281
"2017-11-10 17:22:38.321",-0.2942505,-0.9645386,-0.032592773
"2017-11-10 17:22:38.370",-0.20898438,-0.9963989,-0.06707764
"2017-11-10 17:22:38.375",-0.1842041,-0.9907837,-0.12902832
"2017-11-10 17:22:38.377",-0.19677734,-0.96087646,-0.16156006
"2017-11-10 17:22:38.385",-0.23553467,-0.9254761,-0.17163086
"2017-11-10 17:22:38.420",-0.26696777,-0.904541,-0.13360596
"2017-11-10 17:22:38.424",-0.2838745,-0.9008789,-0.061462402
"2017-11-10 17:22:38.428",-0.35040283,-0.8720093,-0.03741455
"2017-11-10 17:22:38.470",-0.42663574,-0.83654785,-0.019226074
"2017-11-10 17:22:38.474",-0.47888184,-0.8531494,0.008239746
"2017-11-10 17:22:38.517",-0.5202637,-0.9065552,-0.0076904297
"2017-11-10 17:22:38.521",-0.5186157,-0.9446411,-0.030273438
"2017-11-10 17:22:38.526",-0.4981079,-0.9795532,-0.013916016
"2017-11-10 17:22:38.566",-0.49493408,-0.9901123,0.0016479492
"2017-11-10 17:22:38.572",-0.43292236,-0.99591064,0.007385254
"2017-11-10 17:22:38.616",-0.36279297,-0.9960327,-0.05645752
"2017-11-10 17:22:38.622",-0.31152344,-0.98083496,-0.1651001
"2017-11-10 17:22:38.624",-0.26885986,-0.984375,-0.22503662
"2017-11-10 17:22:38.663",-0.21582031,-0.98010254,-0.23077393
"2017-11-10 17:22:38.667",-0.24273682,-0.942749,-0.2619629
"2017-11-10 17:22:38.713",-0.24188232,-0.9154053,-0.3012085
"2017-11-10 17:22:38.762",-0.16278076,-0.9090576,-0.28686523
"2017-11-10 17:22:38.769",-0.076416016,-1.0175171,-0.50097656
"2017-11-10 17:22:38.770",-0.40881348,-0.9641113,-0.175354
"2017-11-10 17:22:38.773",-0.5856323,-1.0011597,0.06524658
"2017-11-10 17:22:38.811",-0.4984131,-1.0371704,-0.09161377
"2017-11-10 17:22:38.818",-0.4611206,-1.0844727,-0.09613037
"2017-11-10 17:22:38.860",-0.43414307,-0.9987793,-0.1439209
"2017-11-10 17:22:38.889",-0.38562012,-0.90771484,-0.114868164
"2017-11-10 17:22:38.893",-0.3595581,-0.88098145,-0.026184082
"2017-11-10 17:22:38.908",-0.37286377,-0.84887695,0.029418945
"2017-11-10 17:22:38.912",-0.36016846,-0.81695557,-0.13226318
"2017-11-10 17:22:38.959",-0.2942505,-0.8129883,-0.28399658
"2017-11-10 17:22:38.960",-0.25964355,-0.8517456,-0.25976563
"2017-11-10 17:22:38.963",-0.26556396,-0.87335205,-0.21673584
"2017-11-10 17:22:39.005",-0.22033691,-0.914917,-0.22827148
"2017-11-10 17:22:39.008",-0.19836426,-0.9376221,-0.26800537
"2017-11-10 17:22:39.054",-0.23516846,-0.90289307,-0.22766113
"2017-11-10 17:22:39.058",-0.24145508,-0.9055176,-0.19000244
"2017-11-10 17:22:39.060",-0.21960449,-0.8981323,-0.19476318
"2017-11-10 17:22:39.104",-0.17730713,-0.93170166,-0.19439697
"2017-11-10 17:22:39.110",-0.15856934,-0.96258545,-0.16931152
"2017-11-10 17:22:39.152",-0.18035889,-0.98706055,-0.16430664
"2017-11-10 17:22:39.156",-0.2052002,-0.986145,-0.17425537
"2017-11-10 17:22:39.160",-0.20410156,-0.9639282,-0.18920898
"2017-11-10 17:22:39.200",-0.20251465,-0.9335327,-0.17596436
"2017-11-10 17:22:39.207",-0.18798828,-0.9312744,-0.12774658
"2017-11-10 17:22:39.250",-0.18255615,-0.9437866,-0.10046387
"2017-11-10 17:22:39.261",-0.20794678,-0.9480591,-0.09838867
"2017-11-10 17:22:39.263",-0.24761963,-0.92974854,-0.095947266
"2017-11-10 17:22:39.301",-0.26391602,-0.9019165,-0.13476563
"2017-11-10 17:22:39.304",-0.21783447,-0.87054443,-0.18634033
"2017-11-10 17:22:39.347",-0.16998291,-0.8477783,-0.18896484
"2017-11-10 17:22:39.366",-0.16766357,-0.87072754,-0.12927246
"2017-11-10 17:22:39.370",-0.2230835,-0.9314575,-0.050964355
"2017-11-10 17:22:39.395",-0.52557373,-0.91589355,0.022216797
"2017-11-10 17:22:39.401",-0.75061035,-0.8764038,-0.015014648
"2017-11-10 17:22:39.444",-0.7446289,-0.8612671,-0.113708496
"2017-11-10 17:22:39.451",-0.74121094,-0.83239746,-0.15393066
"2017-11-10 17:22:39.492",-0.71661377,-0.79089355,-0.25183105
"2017-11-10 17:22:39.496",-0.6102905,-0.814209,-0.3334961
"2017-11-10 17:22:39.497",-0.53985596,-0.892334,-0.3441162
"2017-11-10 17:22:39.542",-0.42456055,-0.9746094,-0.26190186
"2017-11-10 17:22:39.543",-0.2915039,-1.0150757,-0.18902588
"2017-11-10 17:22:39.591",-0.27496338,-0.9864502,-0.20874023
"2017-11-10 17:22:39.597",-0.2175293,-0.9415283,-0.20788574
"2017-11-10 17:22:39.603",-0.14837646,-0.9093628,-0.19519043
"2017-11-10 17:22:39.639",-0.22424316,-0.89556885,-0.18322754
"2017-11-10 17:22:39.641",-0.3330078,-0.9161377,-0.107421875
"2017-11-10 17:22:39.686",-0.40270996,-0.93463135,2.4414063E-4
"2017-11-10 17:22:39.696",-0.41741943,-0.949646,0.039611816
"2017-11-10 17:22:39.701",-0.38134766,-0.9394531,-0.027648926
"2017-11-10 17:22:39.737",-0.33026123,-0.90093994,-0.13543701
"2017-11-10 17:22:39.738",-0.31018066,-0.8814697,-0.17669678
"2017-11-10 17:22:39.786",-0.3071289,-0.8859253,-0.13452148
"2017-11-10 17:22:39.792",-0.33764648,-0.90167236,-0.043518066
"2017-11-10 17:22:39.795",-0.36779785,-0.91412354,0.03479004
"2017-11-10 17:22:39.835",-0.35443115,-0.93707275,0.11853027
"2017-11-10 17:22:39.882",-0.348938,-0.95495605,0.17144775
"2017-11-10 17:22:39.887",-0.33068848,-0.9492798,0.09265137
"2017-11-10 17:22:39.890",-0.29162598,-0.94610596,-0.0012817383
"2017-11-10 17:22:39.892",-0.270813,-0.94226074,-0.032226563
"2017-11-10 17:22:39.933",-0.29711914,-0.946228,-0.056640625
"2017-11-10 17:22:39.936",-0.35656738,-0.91711426,-0.080078125
"2017-11-10 17:22:39.980",-0.38287354,-0.8944702,-0.08538818
"2017-11-10 17:22:39.983",-0.39074707,-0.8973999,-0.05218506
"2017-11-10 17:22:39.990",-0.4050293,-0.89105225,-0.016845703
"2017-11-10 17:22:40.030",-0.37353516,-0.9108887,-0.02520752
"2017-11-10 17:22:40.034",-0.354187,-0.9227905,-0.06573486
"2017-11-10 17:22:40.077",-0.3480835,-0.92541504,-0.044067383
"2017-11-10 17:22:40.083",-0.3513794,-0.93237305,-0.010620117
"2017-11-10 17:22:40.128",-0.35784912,-0.92193604,-0.025939941
"2017-11-10 17:22:40.136",-0.36779785,-0.91186523,-0.03741455
"2017-11-10 17:22:40.141",-0.38012695,-0.9095459,-0.032348633
"2017-11-10 17:22:40.175",-0.39404297,-0.9055176,-0.019226074
"2017-11-10 17:22:40.180",-0.40594482,-0.90008545,-0.015136719
"2017-11-10 17:22:40.224",-0.401062,-0.9019165,-0.028076172
"2017-11-10 17:22:40.231",-0.3916626,-0.91278076,-0.033447266
"2017-11-10 17:22:40.234",-0.39074707,-0.9154053,-0.025390625
"2017-11-10 17:22:40.271",-0.38745117,-0.9234619,-0.015014648
"2017-11-10 17:22:40.278",-0.3793335,-0.9293823,-0.0012817383
"2017-11-10 17:22:40.322",-0.37506104,-0.92736816,0.0015869141
"2017-11-10 17:22:40.331",-0.3731079,-0.91412354,-0.018798828
"2017-11-10 17:22:40.333",-0.36224365,-0.9108887,-0.044067383
"2017-11-10 17:22:40.374",-0.3675537,-0.907959,-0.06097412
"2017-11-10 17:22:40.377",-0.38433838,-0.9060669,-0.058044434
"2017-11-10 17:22:40.419",-0.40698242,-0.9016113,-0.052856445
"2017-11-10 17:22:40.420",-0.41912842,-0.89923096,-0.054382324
"2017-11-10 17:22:40.424",-0.42248535,-0.890625,-0.06036377
"2017-11-10 17:22:40.467",-0.397583,-0.88513184,-0.064086914
"2017-11-10 17:22:40.522",-0.35980225,-0.888916,-0.06237793
"2017-11-10 17:22:40.525",-0.33795166,-0.89904785,-0.055480957
"2017-11-10 17:22:40.534",-0.32080078,-0.8970337,-0.07232666
"2017-11-10 17:22:40.537",-0.3189087,-0.894104,-0.09625244
"2017-11-10 17:22:40.564",-0.3262329,-0.89593506,-0.11175537
"2017-11-10 17:22:40.566",-0.3242798,-0.8946533,-0.118774414
"2017-11-10 17:22:40.613",-0.30133057,-0.8814697,-0.14294434
"2017-11-10 17:22:40.614",-0.20117188,-0.8946533,-0.28607178
"2017-11-10 17:22:40.619",-0.17572021,-0.9152832,-0.23016357
"2017-11-10 17:22:40.664",-0.19354248,-0.90527344,-0.25506592
"2017-11-10 17:22:40.671",-0.19970703,-0.9187622,-0.1854248
"2017-11-10 17:22:40.713",-0.22735596,-0.94207764,-0.1696167
"2017-11-10 17:22:40.721",-0.24383545,-0.93395996,-0.21990967
"2017-11-10 17:22:40.761",-0.2557373,-0.9526367,-0.21777344
"2017-11-10 17:22:40.771",-0.32458496,-0.9434204,-0.21868896
"2017-11-10 17:22:40.776",-0.39422607,-0.9758301,-0.1977539
"2017-11-10 17:22:40.809",-0.42437744,-0.9724121,-0.19116211
"2017-11-10 17:22:40.815",-0.3010254,-1.0183716,-0.23010254
"2017-11-10 17:22:40.857",-0.1864624,-1.0494385,-0.23272705
"2017-11-10 17:22:40.858",-0.20245361,-1.0258179,-0.22735596
"2017-11-10 17:22:40.860",-0.21777344,-1.0101929,-0.2331543
"2017-11-10 17:22:40.906",-0.20776367,-0.9925537,-0.23901367
"2017-11-10 17:22:40.914",-0.19366455,-0.9717407,-0.2695923
"2017-11-10 17:22:40.957",-0.20092773,-0.95581055,-0.27697754
"2017-11-10 17:22:40.962",-0.19439697,-0.9415283,-0.3026123
"2017-11-10 17:22:40.964",-0.18609619,-0.9351196,-0.3180542
"2017-11-10 17:22:41.004",-0.19262695,-0.9334717,-0.32061768
"2017-11-10 17:22:41.011",-0.22137451,-0.9244385,-0.29840088
"2017-11-10 17:22:41.054",-0.2411499,-0.9185791,-0.30212402
"2017-11-10 17:22:41.058",-0.23815918,-0.91693115,-0.30480957
"2017-11-10 17:22:41.066",-0.23022461,-0.9244995,-0.2869873
"2017-11-10 17:22:41.101",-0.2312622,-0.9284668,-0.29412842
"2017-11-10 17:22:41.107",-0.21795654,-0.9307251,-0.27972412
"2017-11-10 17:22:41.155",-0.21954346,-0.9349365,-0.27294922
"2017-11-10 17:22:41.165",-0.2211914,-0.94299316,-0.26843262
"2017-11-10 17:22:41.169",-0.2088623,-0.94018555,-0.25708008
"2017-11-10 17:22:41.200",-0.22161865,-0.928772,-0.26141357
"2017-11-10 17:22:41.201",-0.22149658,-0.9281616,-0.26519775
"2017-11-10 17:22:41.249",-0.20404053,-0.92663574,-0.27703857
"2017-11-10 17:22:41.251",-0.1977539,-0.92388916,-0.27661133
"2017-11-10 17:22:41.253",-0.20410156,-0.9282837,-0.27844238
"2017-11-10 17:22:41.298",-0.20275879,-0.9337158,-0.284729
"2017-11-10 17:22:41.305",-0.20404053,-0.9385376,-0.28771973
"2017-11-10 17:22:41.345",-0.21081543,-0.9385376,-0.2869873
"2017-11-10 17:22:41.350",-0.21777344,-0.9371948,-0.2857666
"2017-11-10 17:22:41.395",-0.21972656,-0.94122314,-0.27581787
"2017-11-10 17:22:41.398",-0.21539307,-0.94555664,-0.26391602
"2017-11-10 17:22:41.399",-0.21099854,-0.9456787,-0.2744751
"2017-11-10 17:22:41.442",-0.20288086,-0.9440918,-0.28173828
"2017-11-10 17:22:41.444",-0.18884277,-0.94750977,-0.27697754
"2017-11-10 17:22:41.493",-0.1817627,-0.9526367,-0.27453613
"2017-11-10 17:22:41.495",-0.18621826,-0.95526123,-0.2808838
"2017-11-10 17:22:41.497",-0.18835449,-0.9499512,-0.28546143
"2017-11-10 17:22:41.540",-0.19543457,-0.9450073,-0.28582764
"2017-11-10 17:22:41.546",-0.20135498,-0.9451294,-0.2850952
"2017-11-10 17:22:41.589",-0.20043945,-0.94433594,-0.2850952
"2017-11-10 17:22:41.593",-0.19866943,-0.9389038,-0.28240967
"2017-11-10 17:22:41.596",-0.19793701,-0.9406128,-0.2821045
"2017-11-10 17:22:41.639",-0.19207764,-0.9406128,-0.28631592
"2017-11-10 17:22:41.642",-0.18981934,-0.9413452,-0.2814331
"2017-11-10 17:22:41.688",-0.18762207,-0.9407959,-0.27667236
"2017-11-10 17:22:41.690",-0.18206787,-0.9435425,-0.27459717
"2017-11-10 17:22:41.693",-0.17608643,-0.946228,-0.2774048
"2017-11-10 17:22:41.737",-0.17468262,-0.94866943,-0.2734375
"2017-11-10 17:22:41.740",-0.17279053,-0.95043945,-0.27453613
"2017-11-10 17:22:41.784",-0.17553711,-0.947876,-0.2814331
"2017-11-10 17:22:41.791",-0.18774414,-0.94799805,-0.28082275
"2017-11-10 17:22:41.797",-0.19042969,-0.94433594,-0.27929688
"2017-11-10 17:22:41.832",-0.18572998,-0.9416504,-0.28607178
"2017-11-10 17:22:41.836",-0.18249512,-0.94366455,-0.28442383
"2017-11-10 17:22:41.881",-0.17883301,-0.9465332,-0.29077148
"2017-11-10 17:22:41.882",-0.17285156,-0.9456787,-0.29205322
"2017-11-10 17:22:41.887",-0.17327881,-0.9468994,-0.28234863
"2017-11-10 17:22:41.929",-0.17346191,-0.944397,-0.28295898
"2017-11-10 17:22:41.933",-0.17303467,-0.94525146,-0.28411865
"2017-11-10 17:22:41.980",-0.17047119,-0.9515991,-0.284729
"2017-11-10 17:22:41.989",-0.16326904,-0.95422363,-0.28631592
"2017-11-10 17:22:42.029",-0.16607666,-0.9527588,-0.2859497
"2017-11-10 17:22:42.036",-0.16778564,-0.9541626,-0.28234863
"2017-11-10 17:22:42.038",-0.16119385,-0.94976807,-0.28430176
"2017-11-10 17:22:42.077",-0.16357422,-0.9465332,-0.2923584
"2017-11-10 17:22:42.081",-0.17047119,-0.9524536,-0.28442383
"2017-11-10 17:22:42.127",-0.16680908,-0.9550171,-0.28308105
"2017-11-10 17:22:42.129",-0.15563965,-0.95336914,-0.28649902
"2017-11-10 17:22:42.132",-0.15289307,-0.95166016,-0.28894043
"2017-11-10 17:22:42.176",-0.16070557,-0.94537354,-0.29284668
"2017-11-10 17:22:42.184",-0.16046143,-0.9446411,-0.2902832
"2017-11-10 17:22:42.222",-0.15576172,-0.9492798,-0.28997803
"2017-11-10 17:22:42.229",-0.15527344,-0.9510498,-0.2869873
"2017-11-10 17:22:42.232",-0.15844727,-0.95043945,-0.28881836
"2017-11-10 17:22:42.270",-0.16070557,-0.9490967,-0.29071045
"2017-11-10 17:22:42.273",-0.15979004,-0.9520874,-0.29077148
"2017-11-10 17:22:42.320",-0.1593628,-0.9539795,-0.28961182
"2017-11-10 17:22:42.329",-0.16278076,-0.9508667,-0.291687
"2017-11-10 17:22:42.331",-0.16192627,-0.9501343,-0.29315186
"2017-11-10 17:22:42.370",-0.16131592,-0.9505005,-0.29504395
"2017-11-10 17:22:42.373",-0.1607666,-0.9503784,-0.29644775
"2017-11-10 17:22:42.449",-0.15826416,-0.94921875,-0.29614258
"2017-11-10 17:22:42.451",-0.15979004,-0.9507446,-0.29492188
"2017-11-10 17:22:42.456",-0.1593628,-0.9536133,-0.29174805
"2017-11-10 17:22:42.472",-0.15899658,-0.9525757,-0.2915039
"2017-11-10 17:22:42.473",-0.16143799,-0.9487915,-0.29370117
"2017-11-10 17:22:42.517",-0.16314697,-0.946228,-0.2982788
"2017-11-10 17:22:42.520",-0.16326904,-0.9501953,-0.28894043
"2017-11-10 17:22:42.522",-0.16485596,-0.9532471,-0.29083252
"2017-11-10 17:22:42.565",-0.16809082,-0.95458984,-0.29589844
"2017-11-10 17:22:42.567",-0.1685791,-0.95202637,-0.2930298
"2017-11-10 17:22:42.616",-0.17108154,-0.94921875,-0.2939453
"2017-11-10 17:22:42.623",-0.16821289,-0.9454956,-0.29071045
"2017-11-10 17:22:42.661",-0.16192627,-0.9482422,-0.28637695
"2017-11-10 17:22:42.666",-0.15307617,-0.95092773,-0.2913208
"2017-11-10 17:22:42.670",-0.15631104,-0.9536133,-0.28399658
"2017-11-10 17:22:42.717",-0.16784668,-0.95355225,-0.28460693
"2017-11-10 17:22:42.718",-0.17230225,-0.95233154,-0.28619385
"2017-11-10 17:22:42.761",-0.16577148,-0.95092773,-0.28460693
"2017-11-10 17:22:42.762",-0.16265869,-0.9436035,-0.28723145
"2017-11-10 17:22:42.769",-0.16229248,-0.9376831,-0.29089355
"2017-11-10 17:22:42.808",-0.16021729,-0.93725586,-0.29418945
"2017-11-10 17:22:42.825",-0.15783691,-0.942749,-0.29504395
"2017-11-10 17:22:42.858",-0.15863037,-0.9493408,-0.29553223
"2017-11-10 17:22:42.867",-0.159729,-0.95111084,-0.29730225
"2017-11-10 17:22:42.869",-0.15692139,-0.9483032,-0.2960205
"2017-11-10 17:22:42.906",-0.15551758,-0.9495239,-0.29412842
"2017-11-10 17:22:42.907",-0.16107178,-0.9534912,-0.29388428
"2017-11-10 17:22:42.958",-0.1694336,-0.95422363,-0.29205322
"2017-11-10 17:22:42.961",-0.17687988,-0.9477539,-0.29333496
"2017-11-10 17:22:42.964",-0.18371582,-0.942749,-0.29901123
"2017-11-10 17:22:43.002",-0.18719482,-0.93933105,-0.3081665
"2017-11-10 17:22:43.006",-0.18035889,-0.9371948,-0.31176758
"2017-11-10 17:22:43.056",-0.16851807,-0.94189453,-0.31262207
"2017-11-10 17:22:43.063",-0.15649414,-0.9480591,-0.31237793
"2017-11-10 17:22:43.066",-0.1428833,-0.9534912,-0.31573486
"2017-11-10 17:22:43.099",-0.13348389,-0.9559326,-0.31365967
"2017-11-10 17:22:43.103",-0.1326294,-0.9540405,-0.3086548
"2017-11-10 17:22:43.149",-0.13879395,-0.9487915,-0.30377197
"2017-11-10 17:22:43.151",-0.14550781,-0.9458008,-0.30438232
"2017-11-10 17:22:43.154",-0.15203857,-0.94610596,-0.30389404
"2017-11-10 17:22:43.201",-0.15588379,-0.94366455,-0.3034668
"2017-11-10 17:22:43.205",-0.15838623,-0.94177246,-0.3031006
"2017-11-10 17:22:43.247",-0.16064453,-0.9460449,-0.30456543
"2017-11-10 17:22:43.249",-0.16503906,-0.9481201,-0.30291748
"2017-11-10 17:22:43.298",-0.16937256,-0.94195557,-0.2987671
"2017-11-10 17:22:43.306",-0.17303467,-0.9433594,-0.30004883
"2017-11-10 17:22:43.309",-0.18084717,-0.9453125,-0.3010254
"2017-11-10 17:22:43.348",-0.18835449,-0.9473877,-0.2991333
"2017-11-10 17:22:43.350",-0.18621826,-0.94732666,-0.29956055
"2017-11-10 17:22:43.441",-0.17547607,-0.94433594,-0.29956055
"2017-11-10 17:22:43.443",-0.16552734,-0.94073486,-0.30847168
"2017-11-10 17:22:43.445",-0.15802002,-0.94311523,-0.31829834
"2017-11-10 17:22:43.445",-0.1508789,-0.9526367,-0.3199463
"2017-11-10 17:22:43.447",-0.14416504,-0.9557495,-0.31567383
"2017-11-10 17:22:43.489",-0.14501953,-0.9550171,-0.3110962
"2017-11-10 17:22:43.491",-0.15704346,-0.9538574,-0.30664063
"2017-11-10 17:22:43.492",-0.16430664,-0.95196533,-0.30419922
"2017-11-10 17:22:43.540",-0.16461182,-0.94836426,-0.29968262
"2017-11-10 17:22:43.541",-0.16522217,-0.9453125,-0.2960205
"2017-11-10 17:22:43.589",-0.16522217,-0.9440918,-0.2965088
"2017-11-10 17:22:43.591",-0.1628418,-0.9451904,-0.29882813
"2017-11-10 17:22:43.593",-0.15844727,-0.9439697,-0.2980957
"2017-11-10 17:22:43.638",-0.1560669,-0.9433594,-0.30065918
"2017-11-10 17:22:43.642",-0.1586914,-0.9466553,-0.30047607
"2017-11-10 17:22:43.689",-0.16088867,-0.94940186,-0.3012085
"2017-11-10 17:22:43.692",-0.16131592,-0.9487915,-0.3017578
"2017-11-10 17:22:43.693",-0.16027832,-0.94744873,-0.29986572
"2017-11-10 17:22:43.736",-0.1593628,-0.9498291,-0.29840088
"2017-11-10 17:22:43.737",-0.15686035,-0.9523926,-0.30200195
"2017-11-10 17:22:43.785",-0.15631104,-0.9532471,-0.30395508
"2017-11-10 17:22:43.787",-0.15515137,-0.95098877,-0.30267334
"2017-11-10 17:22:43.790",-0.15826416,-0.947937,-0.29986572
"2017-11-10 17:22:43.831",-0.1619873,-0.95025635,-0.29785156
"2017-11-10 17:22:43.833",-0.1628418,-0.9517212,-0.30047607
"2017-11-10 17:22:43.882",-0.1638794,-0.9486084,-0.29901123
"2017-11-10 17:22:43.886",-0.1628418,-0.9428711,-0.2972412
"2017-11-10 17:22:43.931",-0.1586914,-0.94677734,-0.29400635
"2017-11-10 17:22:43.934",-0.15600586,-0.9530029,-0.29260254
"2017-11-10 17:22:43.935",-0.1595459,-0.9552002,-0.29711914
"2017-11-10 17:22:43.980",-0.15911865,-0.9538574,-0.2947998
"2017-11-10 17:22:43.981",-0.15472412,-0.94799805,-0.29492188
"2017-11-10 17:22:44.029",-0.15032959,-0.9423828,-0.2991333
"2017-11-10 17:22:44.031",-0.14660645,-0.94311523,-0.29840088
"2017-11-10 17:22:44.042",-0.14746094,-0.9491577,-0.30010986
"2017-11-10 17:22:44.075",-0.15411377,-0.95581055,-0.29992676
"2017-11-10 17:22:44.078",-0.15686035,-0.95751953,-0.2991333
"2017-11-10 17:22:44.125",-0.15386963,-0.9520874,-0.29077148
"2017-11-10 17:22:44.130",-0.1618042,-0.947937,-0.29058838
"2017-11-10 17:22:44.132",-0.16235352,-0.94659424,-0.29644775
"2017-11-10 17:22:44.172",-0.15618896,-0.9475708,-0.29785156
"2017-11-10 17:22:44.173",-0.15484619,-0.949646,-0.29693604
"2017-11-10 17:22:44.224",-0.1529541,-0.9492798,-0.29449463
"2017-11-10 17:22:44.225",-0.15203857,-0.95202637,-0.2939453
"2017-11-10 17:22:44.233",-0.15222168,-0.95214844,-0.29559326
"2017-11-10 17:22:44.270",-0.15185547,-0.9507446,-0.2970581
"2017-11-10 17:22:44.272",-0.1552124,-0.94885254,-0.29681396
"2017-11-10 17:22:44.322",-0.15533447,-0.9495239,-0.29803467
"2017-11-10 17:22:44.326",-0.15631104,-0.94854736,-0.29797363
"2017-11-10 17:22:44.327",-0.15661621,-0.9470825,-0.29663086
"2017-11-10 17:22:44.368",-0.15545654,-0.9476929,-0.29656982
"2017-11-10 17:22:44.370",-0.15655518,-0.9486084,-0.29907227
"2017-11-10 17:22:44.418",-0.15679932,-0.95111084,-0.3008423
"2017-11-10 17:22:44.420",-0.15618896,-0.9503174,-0.3012085
"2017-11-10 17:22:44.423",-0.15551758,-0.95251465,-0.30236816
"2017-11-10 17:22:44.476",-0.15875244,-0.9519043,-0.30047607
"2017-11-10 17:22:44.483",-0.1595459,-0.94866943,-0.2989502
"2017-11-10 17:22:44.515",-0.16033936,-0.94488525,-0.29821777
"2017-11-10 17:22:44.518",-0.16369629,-0.94403076,-0.29956055
"2017-11-10 17:22:44.565",-0.1671753,-0.9481201,-0.2984619
"2017-11-10 17:22:44.567",-0.16583252,-0.9486084,-0.30029297
"2017-11-10 17:22:44.568",-0.16052246,-0.94641113,-0.3036499
"2017-11-10 17:22:44.612",-0.1595459,-0.94403076,-0.30065918
"2017-11-10 17:22:44.614",-0.16168213,-0.94311523,-0.30200195
"2017-11-10 17:22:44.659",-0.15991211,-0.94421387,-0.30419922
"2017-11-10 17:22:44.713",-0.15875244,-0.94555664,-0.3031006
"2017-11-10 17:22:44.717",-0.15478516,-0.94696045,-0.30291748
"2017-11-10 17:22:44.719",-0.14935303,-0.94976807,-0.3010254
"2017-11-10 17:22:44.726",-0.14648438,-0.9495239,-0.30377197
"2017-11-10 17:22:44.758",-0.1472168,-0.95092773,-0.30474854
"2017-11-10 17:22:44.765",-0.14892578,-0.95129395,-0.30615234
"2017-11-10 17:22:44.767",-0.14996338,-0.95166016,-0.30578613
"2017-11-10 17:22:44.806",-0.15356445,-0.9515381,-0.30413818
"2017-11-10 17:22:44.807",-0.15301514,-0.9506836,-0.30462646
"2017-11-10 17:22:44.855",-0.1517334,-0.9492798,-0.30651855
"2017-11-10 17:22:44.856",-0.15039063,-0.94732666,-0.30578613
"2017-11-10 17:22:44.857",-0.15454102,-0.9456177,-0.3071289
"2017-11-10 17:22:44.904",-0.1574707,-0.9467163,-0.3098755
"2017-11-10 17:22:44.909",-0.15686035,-0.94714355,-0.3093872
